id,date,price,bedrooms,bathrooms,sqft_living,sqft_lot,floors,waterfront,view,condition,grade,sqft_above,sqft_basement,yr_built,yr_renovated,zipcode,lat,long,sqft_living15,sqft_lot15
2487200875,20141209T000000,604000,4,3,1960,5000,1,0,0,5,7,1050,910,1965,0,98136,47.5208,-122.393,1360,5000
7237550310,20140512T000000,1.23E+06,4,4.5,5420,101930,1,0,0,3,11,3890,1530,2001,0,98053,47.6561,-122.005,4760,101930
9212900260,20140527T000000,468000,2,1,1160,6000,1,0,0,4,7,860,300,1942,0,98115,47.69,-122.292,1330,6000
114101516,20140528T000000,310000,3,1,1430,19901,1.5,0,0,4,7,1430,0,1927,0,98028,47.7558,-122.229,1780,12697
6054650070,20141007T000000,400000,3,1.75,1370,9680,1,0,0,4,7,1370,0,1977,0,98074,47.6127,-122.045,1370,10208
9297300055,20150124T000000,650000,4,3,2950,5000,2,0,3,3,9,1980,970,1979,0,98126,47.5714,-122.375,2140,4000
6865200140,20140529T000000,485000,4,1,1600,4300,1.5,0,0,4,7,1600,0,1916,0,98103,47.6648,-122.343,1610,4300
6300500875,20140514T000000,385000,4,1.75,1620,4980,1,0,0,4,7,860,760,1947,0,98133,47.7025,-122.341,1400,4980
7137970340,20140703T000000,285000,5,2.5,2270,6300,2,0,0,3,8,2270,0,1995,0,98092,47.3266,-122.169,2240,7005
8091400200,20140516T000000,252700,2,1.5,1070,9643,1,0,0,3,7,1070,0,1985,0,98030,47.3533,-122.166,1220,8386
3814700200,20141120T000000,329000,3,2.25,2450,6500,2,0,0,4,8,2450,0,1985,0,98030,47.3739,-122.172,2200,6865
1202000200,20141103T000000,233000,3,2,1710,4697,1.5,0,0,5,6,1710,0,1941,0,98002,47.3048,-122.218,1030,4705
1794500383,20140626T000000,937000,3,1.75,2450,2691,2,0,0,3,8,1750,700,1915,0,98119,47.6386,-122.36,1760,3573
5101402488,20140624T000000,438000,3,1.75,1520,6380,1,0,0,3,7,790,730,1948,0,98115,47.695,-122.304,1520,6235
7955080270,20141203T000000,322500,4,2.75,2060,6659,1,0,0,3,7,1280,780,1981,0,98058,47.4276,-122.157,2020,8720
2078500320,20140620T000000,605000,4,2.5,2620,7553,2,0,0,3,8,2620,0,1996,0,98056,47.5301,-122.18,2620,11884
7203220400,20140707T000000,861990,5,2.75,3595,5639,2,0,0,3,9,3595,0,2014,0,98053,47.6848,-122.016,3625,5639
1432701230,20140729T000000,309000,3,1,1280,9656,1,0,0,4,6,920,360,1959,0,98058,47.4485,-122.175,1340,8808
8035350320,20140718T000000,488000,3,2.5,3160,13603,2,0,0,3,8,3160,0,2003,0,98019,47.7443,-121.977,3050,9232
8945200830,20150325T000000,210490,3,1,990,8528,1,0,0,3,6,990,0,1966,0,98023,47.3066,-122.371,1228,8840
4178300310,20140716T000000,785000,4,2.5,2290,13416,2,0,0,4,9,2290,0,1981,0,98007,47.6194,-122.151,2680,13685
822039084,20150311T000000,1.35E+06,3,2.5,2753,65005,1,1,2,5,9,2165,588,1953,0,98070,47.4041,-122.451,2680,72513
5245600105,20140916T000000,228000,3,1,1190,9199,1,0,0,3,7,1190,0,1955,0,98148,47.4258,-122.322,1190,9364
7231300125,20150217T000000,345000,5,2.5,3150,9134,1,0,0,4,8,1640,1510,1966,0,98056,47.4934,-122.189,1990,9133
7518505990,20141231T000000,600000,3,1.75,1410,4080,1,0,0,4,7,1000,410,1950,0,98117,47.6808,-122.384,1410,4080
1516000055,20141210T000000,650000,3,2.25,2150,21235,1,0,3,4,8,1590,560,1959,0,98166,47.4336,-122.339,2570,18900
9558200045,20140828T000000,289000,3,1.75,1260,8400,1,0,0,3,7,1260,0,1954,0,98148,47.4366,-122.335,1290,8750
3394100030,20140909T000000,975000,4,2.5,2720,11049,2,0,0,3,10,2720,0,1989,0,98004,47.5815,-122.192,2750,11049
1274500060,20140825T000000,204000,3,1,1000,12070,1,0,0,4,7,1000,0,1968,0,98042,47.3621,-122.11,1010,12635
1802000060,20140612T000000,1.33E+06,5,2.25,3200,20158,1,0,0,3,8,1600,1600,1965,0,98004,47.6303,-122.215,3390,20158
1525059190,20140912T000000,1.04E+06,5,3.25,4770,50094,1,0,0,4,11,3070,1700,1973,0,98005,47.6525,-122.16,3530,38917
8820901275,20140610T000000,571000,4,2,2750,7807,1.5,0,0,5,7,2250,500,1916,0,98125,47.7168,-122.287,1510,7807
5416510140,20140710T000000,360000,4,2.5,2380,5000,2,0,0,3,8,2380,0,2005,0,98038,47.3608,-122.036,2420,5000
4036801170,20141013T000000,380000,4,1.75,1760,7300,1,0,0,3,7,880,880,1956,0,98008,47.6034,-122.125,1680,7500
2391600320,20150420T000000,480000,3,1,1040,5060,1,0,0,3,7,1040,0,1941,0,98116,47.5636,-122.394,890,5060
6300000287,20140609T000000,410000,3,1,1410,5060,1,0,0,4,7,910,500,1956,0,98133,47.7073,-122.34,1130,5693
1531000030,20150323T000000,720000,4,2.5,3450,39683,2,0,0,3,10,3450,0,2002,0,98010,47.342,-122.025,3350,39750
1133000671,20140602T000000,315000,3,1,960,6634,1,0,0,3,6,960,0,1952,0,98125,47.7264,-122.31,1570,7203
4232902595,20141114T000000,940000,3,1.5,2140,3600,2,0,0,3,9,1900,240,1925,0,98119,47.6337,-122.365,2020,4800
2599001200,20141103T000000,305000,5,2.25,2660,8400,1.5,0,0,5,7,2660,0,1961,0,98092,47.2909,-122.189,1590,8165
1332700270,20140519T000000,215000,2,2.25,1610,2040,2,0,0,4,7,1610,0,1979,0,98056,47.518,-122.194,1950,2025
2791500270,20140522T000000,243500,4,2.5,1980,7403,2,0,0,3,7,1980,0,1988,0,98023,47.2897,-122.372,1980,7510
5036300431,20150311T000000,1.10E+06,5,2.75,3520,6353,2,0,0,4,10,3520,0,2001,0,98199,47.6506,-122.391,2520,6250
6021501535,20140725T000000,430000,3,1.5,1580,5000,1,0,0,3,8,1290,290,1939,0,98117,47.687,-122.386,1570,4500
6021501535,20141223T000000,700000,3,1.5,1580,5000,1,0,0,3,8,1290,290,1939,0,98117,47.687,-122.386,1570,4500
1099611230,20140912T000000,199000,4,1.5,1160,6400,1,0,0,4,7,1160,0,1975,0,98023,47.3036,-122.378,1160,6400
722079104,20140711T000000,314000,3,1.75,1810,41800,1,0,0,5,7,1210,600,1980,0,98038,47.4109,-121.958,1650,135036
7338200240,20140516T000000,437500,3,2.5,2320,36847,2,0,2,3,9,2320,0,1992,0,98045,47.4838,-121.714,2550,35065
1952200240,20140611T000000,850830,3,2.5,2070,13241,1.5,0,0,5,9,1270,800,1910,0,98102,47.6415,-122.315,2200,4500
6197800045,20140924T000000,290000,3,1,1210,33919,1,0,0,3,7,1210,0,1954,0,98058,47.4375,-122.184,1640,14910
546000875,20140523T000000,460000,3,1,1670,4005,1.5,0,0,4,7,1170,500,1939,0,98117,47.6878,-122.38,1240,4005
1853000400,20150305T000000,680000,4,2.5,3140,28037,2,0,0,4,10,3140,0,1991,0,98077,47.7304,-122.082,2990,35001
2525310310,20140916T000000,272500,3,1.75,1540,12600,1,0,0,4,7,1160,380,1980,0,98038,47.3624,-122.031,1540,11656
3362400431,20140626T000000,518500,3,3.5,1590,1102,3,0,0,3,8,1590,0,2010,0,98103,47.6824,-122.347,1620,3166
3454800060,20150108T000000,171800,4,2,1570,9600,1,0,0,3,6,1570,0,1950,0,98168,47.4965,-122.303,1880,9000
6675500070,20141119T000000,391500,3,2,1450,9132,1,0,0,3,7,1450,0,1987,0,98034,47.7288,-122.226,1580,9104
4389200955,20150302T000000,1.45E+06,4,2.75,2750,17789,1.5,0,0,3,8,1980,770,1914,1992,98004,47.6141,-122.212,3060,11275
8732020310,20140717T000000,260000,4,2.25,2160,8811,1,0,0,3,8,1360,800,1978,0,98023,47.3129,-122.39,2090,8400
7853210060,20150406T000000,430000,4,2.5,2070,4310,2,0,0,3,7,2070,0,2004,0,98065,47.5319,-121.85,1970,3748
3668000070,20150105T000000,212000,3,1.75,1060,7875,1,0,0,4,7,1060,0,1986,0,98092,47.2761,-122.152,1420,7680
8929000270,20140512T000000,453246,3,2.5,2010,2287,2,0,0,3,8,1390,620,2014,0,98029,47.5517,-121.998,1690,1662
3655000070,20140805T000000,220000,4,1.75,2020,7840,1,0,0,3,7,1010,1010,1968,0,98003,47.3309,-122.299,1750,8140
4027700812,20140529T000000,452000,4,2.25,2590,10002,1,0,0,4,8,1340,1250,1968,0,98028,47.7689,-122.266,1550,10436
4232901525,20140627T000000,665000,2,1,1110,3200,1,0,0,3,7,1110,0,1925,0,98119,47.6338,-122.358,1170,3600
6140100875,20150415T000000,420000,3,1,1060,8097,1,0,0,4,7,940,120,1923,0,98133,47.7144,-122.351,1560,7940
6071600370,20150227T000000,500000,4,2.25,2030,8517,1,0,0,4,8,1380,650,1961,0,98006,47.5495,-122.174,2230,8824
8075400570,20141030T000000,258000,5,2,2260,12500,1,0,0,4,8,1130,1130,1960,0,98032,47.3887,-122.286,1360,18000
1994200024,20141104T000000,511000,3,1,1430,3455,1,0,0,3,7,980,450,1947,0,98103,47.6873,-122.336,1450,4599
3362900810,20140820T000000,532170,3,2,1360,3090,2,0,0,3,8,1360,0,1990,0,98103,47.6838,-122.353,1500,3090
537000445,20150331T000000,282950,3,1,1250,8200,1,0,0,4,7,1250,0,1954,0,98003,47.3255,-122.304,1680,8633
1081200350,20141003T000000,320000,4,1.75,1760,11180,1,0,0,4,8,1760,0,1968,0,98059,47.4715,-122.118,1730,11180
84000105,20140507T000000,255000,5,2.25,2060,8632,1,0,0,3,7,1030,1030,1962,0,98146,47.4877,-122.335,1010,11680
2617300160,20140812T000000,420000,3,2,2020,38332,1,0,0,4,7,1010,1010,1975,0,98027,47.4582,-122.023,2110,36590
2558660270,20141208T000000,370000,3,1.75,1580,7000,1,0,0,3,7,1180,400,1976,0,98034,47.7209,-122.168,1640,7500
2009000370,20150219T000000,269950,2,1.75,1340,7250,1,0,0,5,5,700,640,1949,0,98198,47.408,-122.327,1830,9750
3261020370,20140605T000000,653000,3,2.5,2680,9750,1,0,0,4,8,1610,1070,1979,0,98034,47.7028,-122.231,2480,8750
7234600798,20150210T000000,425000,3,2.5,1120,1100,2,0,0,3,8,820,300,2008,0,98122,47.6106,-122.31,1590,1795
8123100045,20150414T000000,470000,4,3,2380,5125,1.5,0,0,4,7,1680,700,1925,0,98126,47.5384,-122.376,1410,5375
6661200320,20140723T000000,163500,2,1.5,1050,3419,2,0,0,3,7,1050,0,1996,0,98038,47.3848,-122.039,1050,3417
1954440060,20140505T000000,560000,3,2.5,1900,8744,2,0,0,3,8,1900,0,1987,0,98074,47.62,-122.043,2030,8744
1115810060,20141205T000000,585188,3,2.25,2230,10026,1,0,0,3,8,1430,800,1975,0,98052,47.6647,-122.153,2230,9340
3663500060,20140625T000000,400000,3,2.5,2180,7508,1,0,0,4,7,1420,760,1962,0,98133,47.7606,-122.336,1900,7818
3996900125,20141201T000000,230000,3,1,1060,10228,1,0,0,3,7,1060,0,1948,0,98155,47.7481,-122.3,1570,10228
7549802535,20141111T000000,423000,4,2,1970,6480,1.5,0,0,5,7,1130,840,1920,0,98108,47.5511,-122.312,1500,6480
3278600320,20140723T000000,465000,3,2.5,2150,4084,2,0,0,3,8,2150,0,2007,0,98126,47.5488,-122.372,1750,2385
2824079053,20150113T000000,440000,3,2.5,1910,66211,2,0,0,3,7,1910,0,1997,0,98024,47.5385,-121.911,2330,67268
2222059065,20141112T000000,297000,3,2.5,1940,14952,2,0,0,3,8,1940,0,1994,0,98042,47.3777,-122.165,2030,10450
7551300060,20140716T000000,470000,3,1,1010,5000,1,0,0,3,7,1010,0,1952,0,98107,47.675,-122.394,1680,5000
100600550,20140804T000000,226500,3,1.5,1300,7370,1,0,0,4,7,900,400,1976,0,98023,47.3025,-122.37,1430,7500
9526600140,20140919T000000,677900,3,2.5,2440,4587,2,0,0,3,8,2440,0,2010,0,98052,47.7073,-122.114,2750,4587
7465900060,20150205T000000,425000,3,1,1010,5864,1,0,0,3,7,1010,0,1915,0,98116,47.5733,-122.381,1290,5000
1222000055,20141123T000000,180250,2,0.75,900,9600,1,0,0,3,6,900,0,1941,0,98166,47.4604,-122.339,1250,14280
6300000550,20140717T000000,464000,6,3,2300,3404,2,0,0,3,7,1600,700,1920,1994,98133,47.7067,-122.343,1560,1312
2310030510,20150422T000000,320000,4,2.25,1550,7579,2,0,0,3,8,1550,0,1993,0,98038,47.354,-122.047,1630,6397
1025049114,20140717T000000,625504,3,2.25,1270,1566,2,0,0,3,8,1060,210,2014,0,98105,47.6647,-122.284,1160,1327
7611200125,20141023T000000,467000,2,1.5,1320,10800,1,0,0,4,8,1320,0,1947,0,98177,47.7145,-122.367,2120,12040
5611500140,20140822T000000,686000,4,2.5,2760,6440,2,0,0,3,10,2760,0,1999,0,98075,47.5836,-122.026,3070,8127
705700390,20140903T000000,328000,3,2.25,2020,8379,2,0,0,3,7,2020,0,1994,0,98038,47.3828,-122.023,2020,8031
8682281200,20150309T000000,479950,2,2,1510,6516,1,0,0,3,8,1510,0,2005,0,98053,47.7076,-122.013,1640,6009
722059070,20150115T000000,235000,3,1,1430,15246,1,0,0,4,7,980,450,1961,0,98031,47.4075,-122.214,1960,13068
8096000060,20150413T000000,655000,2,1.75,1450,15798,2,1,4,3,7,1230,220,1915,1978,98166,47.4497,-122.375,2030,13193
2424000060,20140616T000000,500000,4,2.75,2280,15347,1,0,0,5,7,2280,0,1960,0,98059,47.5218,-122.164,2280,15347
3677400445,20140902T000000,475000,3,1.5,2480,5280,1.5,0,0,5,7,1620,860,1947,0,98108,47.5575,-122.303,2090,4800
1762600320,20140610T000000,1.03E+06,5,4,3760,28040,2,0,0,3,10,3760,0,1983,0,98033,47.6489,-122.183,3430,35096
7228500560,20150320T000000,410000,4,1,1970,4740,1.5,0,0,3,7,1670,300,1904,2005,98122,47.6136,-122.303,1510,4740
326069104,20140701T000000,800000,3,3.5,3830,221284,2,0,0,3,10,3530,300,1993,0,98077,47.7641,-122.023,2920,148539
8150100045,20141001T000000,210000,2,1,830,6000,1,0,0,3,6,830,0,1940,0,98126,47.5308,-122.376,830,4960
1868901275,20150127T000000,455000,2,1,1430,5000,1.5,0,0,2,7,1430,0,1925,0,98115,47.6727,-122.299,1450,3750
6131600075,20150427T000000,225000,3,1,1300,8316,1,0,0,4,6,1300,0,1954,0,98002,47.3221,-122.216,1260,8316
7899800890,20150226T000000,181000,2,1.5,720,5120,1,0,0,3,6,720,0,1954,0,98106,47.5218,-122.357,1150,2566
3832710960,20140923T000000,260000,3,2,1810,7209,1,0,0,4,7,1240,570,1978,0,98032,47.3656,-122.278,1750,7209
1105000588,20150421T000000,349500,3,1,1400,3538,1,0,0,3,7,800,600,1953,0,98118,47.5405,-122.27,1620,6331
3830630060,20140929T000000,245000,3,2.5,1730,7442,2,0,0,3,7,1730,0,1987,0,98030,47.3507,-122.178,1630,6458
5101404898,20140519T000000,592500,2,2,1420,9191,1.5,0,2,5,7,1420,0,1928,0,98115,47.6979,-122.32,1420,6816
1873100060,20140829T000000,693000,4,2.5,2460,4425,2,0,0,3,8,2460,0,2006,0,98052,47.7048,-122.109,2990,5659
8644000060,20141024T000000,237000,3,1.75,1270,8470,1,0,0,4,7,1270,0,1960,0,98198,47.4207,-122.29,1600,8470
8078560140,20140519T000000,290000,4,2.5,1700,7280,2,0,0,4,7,1700,0,1988,0,98031,47.4045,-122.171,1950,7475
3438500192,20140929T000000,285000,3,1,1120,10701,1,0,0,3,7,1120,0,1954,0,98106,47.5544,-122.358,1130,6350
7974200510,20140814T000000,415000,2,1,1070,4500,1,0,0,3,7,1070,0,1937,0,98115,47.6802,-122.29,1320,4465
7960900060,20150504T000000,2.90E+06,4,3.25,5050,20100,1.5,0,2,3,11,4750,300,1982,2008,98004,47.6312,-122.223,3890,20060
4054500390,20141007T000000,1.37E+06,4,4.75,5310,57346,2,0,0,4,11,5310,0,1989,0,98077,47.7285,-122.042,4180,47443
6378500125,20150501T000000,436000,2,1,1040,7538,1,0,0,4,7,1040,0,1939,0,98133,47.7107,-122.352,1440,7530
4215100060,20150320T000000,365000,3,2.5,2653,4510,2,0,0,3,8,2653,0,2006,0,98031,47.4145,-122.166,2653,4927
1722059235,20140703T000000,304900,4,1.75,2600,11325,1,0,0,4,7,1610,990,1969,0,98031,47.3954,-122.206,1720,11088
7214810350,20141017T000000,467000,5,2.25,2500,13500,1,0,0,3,7,1850,650,1979,0,98072,47.7564,-122.144,2300,9750
6647200060,20150209T000000,405000,3,1.75,1670,6720,1,0,0,3,7,1140,530,1980,0,98034,47.7198,-122.193,1670,7320
1115450240,20141022T000000,360000,4,2.5,2160,9528,2,0,0,3,9,2160,0,1992,0,98001,47.3341,-122.255,2280,9937
6073240060,20141002T000000,580000,4,3,3280,11060,2,0,0,3,8,2270,1010,1986,0,98056,47.5399,-122.181,2320,11004
9297300045,20140709T000000,550000,3,2,1970,4166,2,0,3,5,8,1270,700,1929,0,98126,47.5717,-122.375,2390,4166
5468730030,20140822T000000,265000,3,2,1320,8959,1,0,0,3,7,1320,0,1993,0,98042,47.3536,-122.144,1740,7316
8079030390,20150304T000000,446500,3,2.5,2650,7286,2,0,0,3,8,2650,0,1990,0,98059,47.5084,-122.154,2400,7220
1840000030,20140529T000000,267500,3,1.75,1590,11914,1,0,2,3,7,1090,500,1957,0,98188,47.4427,-122.274,1630,9052
3225069065,20140624T000000,3.08E+06,4,5,4550,18641,1,1,4,3,10,2600,1950,2002,0,98074,47.6053,-122.077,4550,19508
5104530560,20150401T000000,208633,3,2.5,2040,3810,2,0,0,3,8,2040,0,2006,0,98038,47.3537,-122,2370,4590
4330600350,20150115T000000,315000,3,2.25,2200,8750,1,0,0,4,7,1120,1080,1964,0,98166,47.476,-122.337,1460,10139
5016001535,20150217T000000,725000,3,1.75,1920,3300,1,0,0,4,8,960,960,1913,0,98112,47.6239,-122.298,1740,4000
7280300196,20150403T000000,550000,4,2.75,1800,7750,1,0,0,4,8,1400,400,1965,0,98177,47.7776,-122.384,1800,8275
8651520400,20140612T000000,610750,4,2.25,2180,7297,2,0,0,3,8,2180,0,1984,0,98074,47.6459,-122.058,2250,9781
7171200445,20150228T000000,550700,2,1,1010,5000,1.5,0,0,4,6,1010,0,1908,0,98105,47.6692,-122.297,1460,5000
3204800200,20150108T000000,665000,4,2.75,3320,10574,2,0,0,5,8,2220,1100,1960,0,98056,47.5376,-122.18,2720,8330
1328320800,20141105T000000,305000,4,2.25,1950,7700,1,0,0,3,8,1350,600,1979,0,98058,47.4441,-122.125,2150,7350
3422059208,20150511T000000,390000,3,2.5,1930,64904,1,0,0,4,8,1930,0,1988,0,98042,47.346,-122.157,2350,57500
4337000335,20141122T000000,268750,4,1,800,8775,1,0,0,3,6,800,0,1943,0,98166,47.48,-122.336,1310,8775
3353400435,20140721T000000,230000,3,2,1450,11204,1,0,0,3,7,1450,0,2003,0,98001,47.2639,-122.252,1520,9518
7972000240,20150202T000000,240000,3,1.75,1510,10248,1,0,0,3,7,1510,0,1969,0,98023,47.2929,-122.371,1510,9753
7520000520,20150311T000000,240500,2,1,1240,12092,1,0,0,3,6,960,280,1922,1984,98146,47.4957,-122.352,1820,7460
1959700550,20140905T000000,740000,4,2,2050,4400,1.5,0,0,4,9,2050,0,1922,0,98102,47.644,-122.319,2320,5500
8078490390,20140729T000000,295000,3,2,1810,10530,1,0,2,3,8,1810,0,1991,0,98022,47.1913,-122.012,1910,10450
191100045,20140703T000000,940000,4,2,2490,9525,2,0,0,5,9,2490,0,1968,0,98040,47.5639,-122.217,2770,9525
5009600070,20141007T000000,260000,4,2.5,1960,5238,2,0,0,3,7,1960,0,2003,0,98038,47.3483,-122.052,1800,5894
200350070,20140602T000000,559900,3,2.75,2930,5569,1,0,0,3,9,1860,1070,2004,0,98072,47.7648,-122.164,2580,11045
2877103726,20140722T000000,791500,4,2,1510,3500,1.5,0,0,5,7,1510,0,1911,0,98103,47.6794,-122.357,1820,3750
405100295,20140826T000000,265000,3,1.75,1420,8250,1,0,0,3,7,1420,0,1954,0,98133,47.7535,-122.354,1740,8000
3126069068,20150424T000000,485000,4,1.75,2560,43995,2,0,0,4,7,2560,0,1962,0,98052,47.6945,-122.093,2560,14764
4048400070,20141205T000000,320000,2,1,1070,32633,1,0,0,4,6,1070,0,1930,0,98059,47.4716,-122.078,1360,32156
808000070,20141021T000000,206600,3,2,1390,13464,1,0,0,4,7,1390,0,1987,0,98030,47.3581,-122.173,1720,12080
7374200030,20150416T000000,387000,4,1.75,2500,7690,1,0,0,3,7,1250,1250,1973,0,98155,47.7713,-122.307,2040,8646
3363900111,20141203T000000,437500,2,1,990,3120,1,0,2,5,7,790,200,1907,0,98103,47.68,-122.353,1930,3120
6607000126,20140604T000000,375000,4,1.75,2200,7475,1,0,0,5,7,1100,1100,1955,0,98118,47.543,-122.28,1600,5766
2201500030,20141006T000000,420000,4,1,1750,9600,1.5,0,0,4,7,1750,0,1954,0,98006,47.5759,-122.137,1750,10530
1072010350,20140828T000000,380000,5,2.5,2760,11340,2,0,0,4,9,2760,0,1978,0,98059,47.4769,-122.141,2470,11340
8856950070,20141210T000000,329500,4,2.5,1820,7912,2,0,0,3,7,1820,0,1994,0,98038,47.3845,-122.029,1820,8168
925059078,20140819T000000,604950,3,2.5,2110,5608,1,0,0,3,8,1340,770,2013,0,98033,47.6743,-122.184,2040,9363
7855801090,20140917T000000,795000,5,2.5,3040,9570,1,0,2,4,8,1640,1400,1966,0,98006,47.5651,-122.164,2920,8800
6116500075,20150326T000000,673000,4,2.5,2990,10400,2,0,0,3,9,2990,0,2002,0,98166,47.4508,-122.359,2140,17449
2231500030,20141001T000000,315000,4,2.25,2180,10754,1,0,0,5,7,1100,1080,1954,0,98133,47.7711,-122.341,1810,6929
2231500030,20150324T000000,530000,4,2.25,2180,10754,1,0,0,5,7,1100,1080,1954,0,98133,47.7711,-122.341,1810,6929
7683900200,20141223T000000,380000,5,3,3450,9914,2,0,0,3,9,3450,0,2004,0,98023,47.2813,-122.345,2860,9721
98020310,20140520T000000,730000,4,2.5,3230,7331,2,0,0,3,10,3230,0,2004,0,98075,47.5823,-121.97,3480,7447
1545804860,20141027T000000,275000,3,3,1590,7750,1,0,0,3,7,1060,530,1997,0,98038,47.3624,-122.045,1680,7500
7132300695,20150421T000000,435000,3,1.5,1300,3348,1.5,0,0,3,7,1300,0,1904,2014,98144,47.592,-122.307,1590,2577
1726059053,20140916T000000,270000,2,1.5,1380,209959,1,0,0,1,6,1380,0,1954,0,98011,47.7461,-122.195,3130,19868
8563040160,20150121T000000,560000,4,2.25,2550,7800,1,0,0,3,8,1580,970,1968,0,98052,47.6283,-122.095,2420,8050
8651600160,20141111T000000,799000,4,2.25,2510,11585,2,0,0,4,8,2510,0,1969,0,98040,47.5483,-122.226,2450,9691
2460700700,20140515T000000,252350,3,2,1650,7352,1,0,0,3,7,1160,490,1979,0,98058,47.4612,-122.169,1710,7350
2890100060,20140801T000000,385000,4,1.5,2040,10726,1,0,0,3,7,1380,660,1954,0,98177,47.772,-122.358,1610,10020
4047200695,20140618T000000,330000,3,2.5,1600,26977,2,0,0,3,8,1600,0,2005,0,98019,47.7736,-121.901,1790,27743
1923000030,20140728T000000,1.12E+06,4,2.5,3840,16619,2,0,1,4,10,3840,0,1983,0,98040,47.5634,-122.213,3600,16553
7375300160,20150309T000000,530000,5,2.25,2720,8800,1,0,0,4,7,1500,1220,1958,0,98008,47.5976,-122.118,2110,8800
5175800060,20140623T000000,365000,4,2,1940,25600,1,0,0,1,8,1940,0,1962,0,98006,47.5722,-122.129,2000,10071
9126100861,20150306T000000,557000,3,3.5,1710,2096,2,0,0,3,8,1290,420,2008,0,98122,47.6055,-122.305,1630,1543
9385200055,20140912T000000,650000,3,3.25,1510,2000,2,0,0,3,9,1330,180,2001,0,98116,47.5815,-122.402,1510,1352
7821200390,20140806T000000,450000,3,2,1290,1213,3,0,0,3,8,1290,0,2001,0,98103,47.6609,-122.344,1290,3235
8078520310,20150417T000000,278500,3,2,1570,5250,1,0,0,3,7,1570,0,1998,0,98092,47.3163,-122.188,1570,5250
1565950030,20150427T000000,364950,4,2.5,1930,6957,2,0,0,3,8,1930,0,1995,0,98055,47.4309,-122.191,2090,6996
1560930070,20140911T000000,840000,4,3.5,2840,40139,1,0,4,4,10,2840,0,1986,0,98038,47.401,-122.026,3180,36852
1774220160,20141104T000000,632925,3,2.5,2990,32239,2,0,0,4,8,2990,0,1978,0,98077,47.7718,-122.095,2990,36497
3426059070,20140909T000000,570000,3,1.75,2910,37461,1,0,0,4,7,1530,1380,1967,0,98052,47.7015,-122.164,2520,18295
824079032,20140626T000000,563500,4,1.75,2085,174240,1,0,0,3,7,1610,475,1964,0,98024,47.5753,-121.95,2690,174240
8678500060,20140710T000000,1.55E+06,5,4.25,6070,171626,2,0,0,3,12,6070,0,1999,0,98024,47.5954,-121.95,4680,211267
625049299,20141203T000000,482000,2,1,950,3960,1,0,0,3,7,950,0,1941,0,98103,47.6885,-122.337,1320,4050
6073200075,20140730T000000,625000,3,1.75,1600,9135,1,0,0,5,7,1600,0,1955,0,98006,47.5724,-122.179,1580,9800
1442860160,20150107T000000,380000,3,2.5,2280,10255,2,0,0,4,8,2280,0,1985,0,98058,47.4334,-122.161,2310,10094
7942600310,20140717T000000,375000,2,1,940,5120,1,0,0,3,7,940,0,1909,0,98122,47.6073,-122.308,1300,5120
936000060,20141114T000000,310000,5,1.75,2190,27260,1,0,0,4,7,2190,0,1947,1974,98166,47.4546,-122.337,1620,39480
305500140,20150512T000000,365000,3,2.5,2200,4052,2,0,0,3,8,2200,0,2005,0,98058,47.4362,-122.178,2310,5082
3454000060,20140722T000000,1.00E+06,4,2.5,2610,3277,1.5,0,0,5,8,1920,690,1922,0,98103,47.6636,-122.33,1810,3277
8564950390,20140919T000000,525000,4,2.5,2450,5280,2,0,0,3,8,2450,0,2003,0,98011,47.7734,-122.224,2300,4674
2268400350,20140916T000000,749000,4,2.5,1710,9627,1,0,0,3,9,1440,270,1976,2014,98006,47.559,-122.164,2140,9131
284000223,20140916T000000,578000,3,1.75,2120,10875,1,0,2,3,8,1540,580,1977,0,98146,47.504,-122.382,2460,11760
8159610030,20140722T000000,196000,3,2.25,2070,11576,2,0,0,3,7,2070,0,1974,0,98001,47.3417,-122.271,1890,7519
8857600960,20140819T000000,205000,3,1,940,7980,1,0,0,4,7,940,0,1960,0,98032,47.3838,-122.289,1150,8050
2024069128,20141110T000000,1.03E+06,3,2.5,3545,9816,1,0,0,3,10,2610,935,2005,0,98027,47.5534,-122.078,3630,7704
1049010390,20150319T000000,505000,3,2,1260,5460,1,0,0,3,7,1260,0,1972,0,98034,47.7355,-122.18,1510,5460
7905370390,20141009T000000,475000,5,2.5,2340,7200,1,0,0,3,7,1300,1040,1975,0,98034,47.7206,-122.211,1930,7221
1324059104,20150421T000000,691100,3,2.75,2360,16117,1,0,0,4,8,1710,650,1983,0,98006,47.5698,-122.121,2120,16117
2287000030,20141014T000000,811000,3,1.75,1870,9897,1,0,0,4,8,1870,0,1960,0,98040,47.5505,-122.221,1900,10005
2122039094,20141126T000000,705000,3,3,1970,20978,2,1,3,4,9,1770,200,1980,0,98070,47.3844,-122.438,2280,75396
1742800030,20140612T000000,578000,4,2.5,3140,9225,1,0,2,5,9,1770,1370,1966,0,98055,47.4904,-122.226,2460,9600
1843100340,20150305T000000,348000,3,2.25,2570,8491,2,0,0,4,8,2570,0,1989,0,98042,47.3759,-122.125,2400,8049
8944290160,20141104T000000,230000,3,2,1510,3413,2,0,0,3,7,1510,0,1985,0,98031,47.3912,-122.167,1570,3777
4166600473,20141209T000000,359500,4,2.25,2390,11250,2,0,0,3,9,2390,0,1988,0,98023,47.3305,-122.371,2480,11250
7282300125,20141112T000000,330000,3,1,980,7000,1,0,0,3,6,980,0,1953,0,98133,47.7617,-122.357,1220,7000
8658300340,20140523T000000,80000,1,0.75,430,5050,1,0,0,2,4,430,0,1912,0,98014,47.6499,-121.909,1200,7500
1723049270,20150107T000000,340500,3,2,2270,28025,1,0,0,4,7,1920,350,1947,0,98168,47.4857,-122.318,1770,14833
2172000075,20140623T000000,290900,2,2,1610,17600,2,0,0,3,6,1610,0,1930,1983,98178,47.4855,-122.266,1310,12950
8820902200,20141113T000000,1.20E+06,4,2.75,4110,8400,2,0,1,3,9,3130,980,1928,2013,98125,47.717,-122.281,2820,8400
3629920030,20140808T000000,520000,4,2.25,1890,3006,2,0,0,3,7,1890,0,2003,0,98029,47.5461,-121.998,1580,3000
6665800030,20140718T000000,590000,4,2.75,2910,10650,1,0,2,3,8,1780,1130,1975,0,98033,47.6658,-122.188,2920,10988
9169600135,20141027T000000,525000,3,1.5,1350,6000,1,0,2,3,7,900,450,1950,0,98136,47.5275,-122.391,1730,6012
2625069070,20150410T000000,1.39E+06,4,3.25,4860,181319,2.5,0,0,3,9,4860,0,1993,0,98074,47.6179,-122.005,3850,181319
8732131090,20150428T000000,295000,4,2.5,2160,7725,1,0,0,4,8,1460,700,1978,0,98023,47.3078,-122.378,2060,8250
1895000260,20140721T000000,207950,2,2,890,5000,1,0,0,3,6,890,0,1917,0,98118,47.5158,-122.264,1860,5000
8691370400,20141216T000000,699900,4,2.75,2810,7302,2,0,0,3,9,2810,0,2002,0,98075,47.5985,-121.977,2820,7302
5423010350,20150210T000000,1.28E+06,5,2.5,3400,9500,2,0,1,4,8,3400,0,1977,0,98027,47.5645,-122.082,3080,11081
3760000030,20141030T000000,669950,5,2.5,2820,14062,2,0,0,4,7,2380,440,1960,0,98034,47.7081,-122.215,1910,10392
1727500340,20140614T000000,397500,3,2,1510,6710,1,0,0,3,7,1070,440,1972,0,98034,47.7193,-122.216,1660,6600
4432600075,20150128T000000,725000,4,2,2110,4140,2,0,0,3,9,1710,400,1925,2003,98116,47.5836,-122.387,1440,4420
9274202270,20140818T000000,625000,2,1.5,1490,5750,1.5,0,0,4,7,1190,300,1900,0,98116,47.5872,-122.39,1590,4025
7852030960,20141106T000000,437500,3,2.5,2120,4500,2,0,0,3,7,2120,0,2000,0,98065,47.5322,-121.88,2530,4816
5467900070,20140502T000000,342000,3,2,1930,11947,1,0,0,4,8,1930,0,1966,0,98042,47.3672,-122.151,2200,12825
1245002952,20141015T000000,1.20E+06,4,2.5,2770,7800,2,0,0,3,10,2770,0,1999,0,98033,47.684,-122.205,2720,10000
2769600560,20140527T000000,529000,3,1,1210,3328,1.5,0,0,4,7,1210,0,1924,0,98107,47.6729,-122.363,1640,3333
9238901420,20150202T000000,442000,3,1,1190,5100,1,0,0,4,7,1030,160,1941,0,98136,47.5346,-122.385,1690,5100
5126310400,20150305T000000,480000,4,2.5,2600,7787,2,0,0,3,8,2600,0,2005,0,98059,47.4877,-122.139,2830,7787
2827100070,20141105T000000,290000,4,1,1330,8184,1.5,0,0,3,7,1330,0,1949,0,98133,47.7343,-122.347,1220,660
9276201895,20140820T000000,615000,3,1.75,1900,5000,1,0,0,5,7,950,950,1951,0,98116,47.5789,-122.393,1770,5000
1922059046,20141029T000000,308000,3,1,1980,39150,1.5,0,0,3,6,1580,400,1932,0,98030,47.3818,-122.225,1860,11811
925059288,20150507T000000,750000,3,2.5,2400,7745,2,0,0,3,9,2400,0,2001,0,98033,47.6734,-122.173,2080,8615
1432400335,20150325T000000,288000,3,1,1190,7560,1,0,0,5,6,1190,0,1958,0,98058,47.452,-122.177,1190,7560
726049331,20150326T000000,515000,5,3,2530,5105,1,0,0,3,8,1520,1010,2005,0,98133,47.7546,-122.341,2290,4011
3340401555,20141105T000000,235000,4,1.5,1690,11054,1,0,0,4,5,1690,0,1930,0,98055,47.4667,-122.215,1690,9040
4348800030,20141121T000000,727500,2,2,1240,9119,1,0,0,4,7,1240,0,1952,0,98004,47.6221,-122.193,1380,9121
3225079035,20140618T000000,1.60E+06,6,5,6050,230652,2,0,3,3,11,6050,0,2001,0,98024,47.6033,-121.943,4210,233971
339500160,20141008T000000,662000,3,1.75,2500,36947,1,0,0,3,9,2500,0,1984,0,98052,47.6917,-122.084,2590,28837
1545807610,20150429T000000,270500,3,2.5,1780,7848,1,0,0,3,7,1320,460,1978,0,98038,47.3608,-122.056,1680,7848
1843200240,20150505T000000,200000,2,1.5,1360,1898,2,0,0,3,7,1360,0,1978,0,98092,47.2852,-122.19,1360,1898
1521069070,20150218T000000,204000,3,1,1040,7405,1,0,0,4,6,1040,0,1971,0,98010,47.3105,-122.021,1580,7405
2459500310,20150218T000000,358000,3,2.25,1610,6655,2,0,0,4,7,1610,0,1985,0,98058,47.4296,-122.161,1780,7529
6204420070,20150501T000000,452000,4,1.75,1570,8268,1,0,0,3,7,1570,0,1979,0,98011,47.7373,-122.197,1870,8190
5694500105,20141204T000000,595000,2,2,1510,4000,1,0,0,4,7,1010,500,1900,0,98103,47.6582,-122.345,1920,4000
9485740340,20150310T000000,346900,4,2.5,1970,5106,2,0,0,3,8,1970,0,1999,0,98055,47.449,-122.205,2230,5109
2270000070,20141030T000000,280000,4,2.5,1560,4350,2,0,0,3,7,1560,0,2003,0,98056,47.5025,-122.186,1560,4350
7800800160,20141121T000000,375000,3,2.25,2120,18500,2,0,0,4,8,2120,0,1983,0,98031,47.3914,-122.169,2120,14479
2473420140,20140923T000000,315000,4,2.75,2300,18360,1,0,0,4,7,1560,740,1979,0,98058,47.4518,-122.16,1870,9588
4099500935,20140723T000000,705000,3,1.75,2180,10221,1,0,2,4,7,1140,1040,1946,0,98040,47.5885,-122.248,2180,8535
4025300135,20150508T000000,451000,3,1.75,1790,9813,2,0,0,3,7,1790,0,1949,0,98155,47.749,-122.305,1520,10125
3294700310,20140902T000000,261000,2,1,750,8125,1,0,0,4,6,750,0,1943,0,98055,47.4727,-122.198,1340,8750
5486800070,20140620T000000,1.95E+06,7,3.5,4640,15235,2,0,1,3,11,2860,1780,1965,2003,98040,47.5666,-122.231,3230,20697
8648100200,20141027T000000,331500,4,2.5,2050,10271,2,0,0,3,7,2050,0,1998,0,98042,47.3628,-122.075,2050,8103
1921069084,20140707T000000,404950,4,2.25,2340,217014,1,0,0,4,8,2340,0,1982,0,98092,47.2953,-122.083,2340,107898
5307100060,20141216T000000,638700,3,1.75,2080,9162,1,0,0,3,7,1370,710,1960,0,98005,47.5846,-122.168,1870,8944
2436701180,20140814T000000,671500,5,2.75,2160,4000,1.5,0,0,5,7,1530,630,1927,0,98105,47.667,-122.289,2040,4000
4045500710,20141218T000000,405000,2,0.75,1160,15029,1,0,0,4,6,870,290,1937,0,98014,47.6929,-121.87,1870,25346
5104510270,20140718T000000,338900,4,2.5,1830,5612,2,0,0,3,7,1830,0,2003,0,98038,47.3572,-122.015,1830,5998
98020350,20150123T000000,720000,4,4,3200,7708,2,0,0,3,10,3200,0,2004,0,98075,47.5816,-121.97,3480,7944
222069082,20141217T000000,300000,2,1,1220,75794,1,0,0,4,7,1220,0,1963,0,98038,47.4219,-122.007,2010,98010
1088650310,20150127T000000,530000,4,2.5,2320,5493,2,0,0,3,8,2320,0,2004,0,98028,47.7727,-122.229,2450,5471
7511800070,20140821T000000,264000,3,1.5,1820,10608,1,0,0,4,7,1820,0,1962,0,98003,47.3366,-122.306,1380,8976
3876300310,20141022T000000,439000,4,2.25,2060,10070,2,0,0,3,7,2060,0,1975,0,98034,47.7258,-122.177,2060,8155
7504010570,20140708T000000,900000,3,2.5,3180,12600,2,0,0,4,11,3180,0,1978,0,98074,47.6366,-122.058,3030,12835
1442740140,20140930T000000,370000,3,2.25,2110,13300,2,0,0,4,8,2110,0,1985,0,98038,47.3725,-122.06,2470,14000
1123049053,20150213T000000,360000,4,2.5,1840,9611,2,0,0,3,7,1840,0,1996,0,98178,47.4964,-122.251,1830,8505
8018600765,20140604T000000,240500,3,1.75,1460,10584,1,0,0,3,7,990,470,1997,0,98168,47.492,-122.317,1220,12012
662310400,20141017T000000,515000,4,3,3590,8249,2,0,0,3,9,3590,0,1997,0,98023,47.2846,-122.341,2860,7995
8651100140,20140805T000000,1.22E+06,4,2.25,3200,15367,2,0,0,4,9,3200,0,1962,0,98040,47.5494,-122.216,3070,15263
7199350340,20140825T000000,460000,3,1.75,1440,7070,1,0,0,3,7,1440,0,1980,0,98052,47.6947,-122.125,1440,7210
3904901710,20150224T000000,435500,3,2.25,1450,4789,2,0,0,3,7,1450,0,1985,0,98029,47.5665,-122.018,1560,4490
6865200444,20140505T000000,531000,2,3,1270,1175,2,0,0,3,8,1110,160,2000,0,98103,47.6634,-122.34,1290,1800
9498200046,20150206T000000,443500,2,1,940,6804,1,0,0,3,7,940,0,1949,0,98177,47.7047,-122.373,1150,6930
1796380960,20141126T000000,223000,3,2,1670,6824,1,0,0,3,7,1300,370,1990,0,98042,47.3666,-122.084,1660,7586
2321300390,20141105T000000,650000,3,2,1870,3388,1,0,0,4,8,1230,640,1925,0,98199,47.6372,-122.395,1780,4050
3905040800,20140925T000000,533600,3,2.5,1930,5080,2,0,0,4,8,1930,0,1990,0,98029,47.5694,-122.001,2190,5085
4379400260,20140610T000000,695000,3,2.75,2540,4694,2,0,0,3,9,2540,0,2005,0,98074,47.6214,-122.024,2600,6344
2826049234,20150114T000000,425000,3,2.25,1820,8814,1,0,0,3,7,1280,540,1967,0,98125,47.7162,-122.309,1810,7515
6600700030,20150506T000000,525000,3,2.25,1490,9414,2,0,0,3,7,1490,0,1981,0,98052,47.6844,-122.113,1290,10125
9407110700,20150113T000000,175000,3,1,1250,9775,1,0,0,3,7,1250,0,1971,0,98045,47.4474,-121.771,1390,9650
461001615,20150225T000000,605000,2,1.75,1760,5000,1,0,0,4,7,940,820,1927,0,98117,47.682,-122.372,1530,5000
6411600069,20140521T000000,325000,3,1,990,6750,1,0,0,4,6,990,0,1947,0,98133,47.7125,-122.331,1440,6860
582000135,20140622T000000,565000,2,1.75,1330,6000,1,0,0,4,7,960,370,1914,1945,98199,47.6539,-122.396,1620,6000
3204800370,20141212T000000,426700,3,1.75,2080,7700,1,0,0,5,7,1600,480,1968,0,98056,47.5375,-122.178,1680,7700
8832900550,20140912T000000,650000,3,2.5,2690,11575,1,0,3,3,8,2130,560,1957,0,98028,47.7605,-122.267,2390,11782
7212652180,20140701T000000,314500,3,2,2050,13303,1,0,0,3,8,2050,0,1993,0,98003,47.2681,-122.31,2180,11590
7852180340,20140930T000000,430000,3,2.5,2360,6699,2,0,0,3,7,2360,0,2003,0,98065,47.5317,-121.853,2360,4744
2490200320,20150320T000000,545000,3,1.75,1680,6200,1.5,0,0,3,7,1680,0,1916,0,98136,47.5338,-122.384,1680,5100
2324039036,20150403T000000,597500,3,2,2150,5400,1.5,0,0,4,7,1380,770,1911,0,98126,47.555,-122.379,1940,6500
5196410260,20150422T000000,1.00E+06,3,2.5,3180,10492,2,0,2,3,10,3180,0,1991,0,98052,47.655,-122.124,3000,9812
3760500116,20141120T000000,3.07E+06,3,2.5,3930,55867,1,1,4,4,8,2330,1600,1957,0,98034,47.7022,-122.224,2730,26324
259900160,20150102T000000,748000,4,3.5,2770,3330,2,0,0,3,8,1970,800,2001,0,98052,47.6327,-122.109,2180,3380
708000030,20140902T000000,888000,3,1.5,1250,8710,1,0,0,4,7,1250,0,1953,0,98004,47.6245,-122.198,1750,9185
1062100116,20150121T000000,475000,3,2.5,1640,5097,2,0,0,3,7,1640,0,1969,0,98155,47.7522,-122.278,1880,6000
1775920350,20141124T000000,323000,3,1,1290,12231,1,0,0,3,7,1290,0,1976,0,98072,47.7404,-122.11,1390,11632
6145600041,20140514T000000,306000,3,1.5,1220,1086,3,0,0,3,8,1220,0,2007,0,98133,47.7049,-122.353,1220,1422
3300701615,20140930T000000,655000,4,2.5,2630,4000,3,0,0,3,8,2630,0,2002,0,98117,47.6915,-122.381,1640,4000
5151600340,20140709T000000,290000,3,1.5,1950,15954,1,0,0,4,8,1950,0,1959,0,98003,47.336,-122.319,1940,12667
2710600045,20140616T000000,460000,3,1.75,1550,4708,1,0,0,4,7,860,690,1949,0,98115,47.6759,-122.286,1880,5600
6067910030,20150316T000000,664000,4,2.75,2510,11880,1,0,0,5,8,1630,880,1978,0,98006,47.5427,-122.181,2390,11211
7846700310,20140623T000000,280000,2,1,1010,3000,1,0,0,4,7,1010,0,1925,0,98045,47.4965,-121.785,1150,7000
7852070060,20140731T000000,1.15E+06,4,3.5,4370,18361,2,0,0,3,11,4370,0,2001,0,98065,47.544,-121.872,4190,13641
5102400105,20141013T000000,400000,4,1,1420,4875,1.5,0,0,3,7,1420,0,1930,0,98115,47.6942,-122.321,1110,5413
2346200030,20150105T000000,802541,5,2.75,2990,6768,2,0,0,3,9,2990,0,2014,0,98006,47.5462,-122.182,2870,6768
1321710030,20140519T000000,320000,3,2.5,2680,7757,2,0,0,3,8,2680,0,1990,0,98023,47.2918,-122.346,2430,8231
5450900060,20140923T000000,1.48E+06,5,2.5,4570,19252,2,0,0,5,10,4570,0,1965,0,98040,47.5553,-122.22,3180,13314
8024200350,20150304T000000,410000,2,1,800,4342,1,0,0,3,6,670,130,1927,0,98115,47.6997,-122.316,1210,4343
3121500340,20140712T000000,690000,4,2.5,2900,23488,2,0,0,3,9,2900,0,1992,0,98053,47.6726,-122.03,2900,34589
766500030,20140610T000000,225000,3,1.75,1760,26055,1,0,0,3,7,920,840,1979,0,98042,47.3664,-122.1,1350,13475
6664000030,20141009T000000,980000,4,2.25,2240,11034,2,0,0,3,8,2240,0,1976,0,98004,47.5894,-122.195,2300,11550
6205500030,20141103T000000,480000,4,2,2180,10575,1,0,0,2,6,1730,450,1950,0,98005,47.589,-122.177,2180,12010
41000454,20140815T000000,130000,2,1,880,9000,1,0,0,3,5,880,0,1928,0,98188,47.4672,-122.291,1410,10000
7203600550,20140804T000000,325000,2,1,1060,5703,1,0,2,4,6,1060,0,1946,0,98198,47.3444,-122.327,2240,4416
9477200560,20150413T000000,440000,3,1.75,1530,7245,1,0,0,4,7,1530,0,1984,0,98034,47.731,-122.191,1530,7490
4022907770,20141014T000000,550000,4,1.75,2480,14782,1,0,3,3,8,1460,1020,1958,0,98155,47.7646,-122.271,2910,10800
5231000060,20140805T000000,310000,3,1.75,1490,7150,1,0,0,5,6,1490,0,1967,0,98059,47.5015,-122.124,1350,9100
3216900060,20140625T000000,390000,4,2.5,2340,8548,2,0,0,3,8,2340,0,1993,0,98031,47.4206,-122.183,1970,6818
7967200060,20140908T000000,243000,3,1.75,1450,12125,1,0,0,4,7,1450,0,1981,0,98001,47.3575,-122.28,1210,12125
8077210350,20140722T000000,639000,4,2.5,2210,9875,2,0,0,3,9,2210,0,1990,0,98074,47.6285,-122.025,2440,8799
8820903380,20150102T000000,730000,6,2.25,2660,13579,2,0,0,3,7,2660,0,1937,1990,98125,47.7142,-122.286,1120,8242
4233400400,20150414T000000,267000,3,2,1300,9644,1,0,0,3,7,1300,0,1994,0,98010,47.3131,-121.998,1430,9656
7694800270,20150420T000000,636000,3,2.5,2140,2770,2,0,0,3,8,1770,370,2007,0,98052,47.6664,-122.131,2510,2708
2473400340,20140604T000000,320000,3,1.5,1650,9380,1,0,0,5,7,1130,520,1978,0,98058,47.4525,-122.162,1720,8856
2525000510,20141106T000000,328000,3,1.75,1470,7650,1,0,0,3,7,1130,340,1983,0,98059,47.4818,-122.161,1590,7500
731500200,20150113T000000,347500,4,2.5,2156,3562,2,0,0,3,9,2156,0,2012,0,98030,47.3591,-122.201,1708,3539
2591820310,20141006T000000,365000,4,2.25,2070,8893,2,0,0,4,8,2070,0,1986,0,98058,47.4388,-122.162,2390,7700
6613000140,20141113T000000,1.30E+06,3,3.25,3400,5979,2,0,0,4,9,2290,1110,1937,0,98105,47.6585,-122.273,3090,6435
8159610060,20141119T000000,233000,3,2,1400,9177,1,0,0,3,7,1400,0,1974,0,98001,47.3415,-122.272,2020,8547
3300701170,20140620T000000,395000,3,1,1500,4000,1,0,0,3,6,900,600,1925,0,98117,47.6921,-122.38,950,4000
9277200111,20140714T000000,650000,4,1.75,2010,5070,1,0,1,4,7,1300,710,1963,0,98116,47.5793,-122.402,2180,5400
1138020200,20140903T000000,435000,4,1.5,1510,6460,1,0,0,3,7,1070,440,1970,0,98034,47.7121,-122.214,1450,6630
1563102435,20141210T000000,950000,3,1.75,2150,4200,1,0,4,5,8,1140,1010,1960,0,98116,47.5671,-122.405,2510,7500
3959400710,20140730T000000,447000,3,1,1370,6001,1,0,0,5,7,1230,140,1944,0,98108,47.5646,-122.317,1370,5520
8682300890,20140828T000000,699800,2,2.5,2380,6600,1,0,0,3,8,2380,0,2010,0,98053,47.717,-122.02,1870,6600
4385700765,20140603T000000,850000,3,1.75,1370,3850,1,0,0,5,7,770,600,1911,1988,98112,47.6374,-122.279,1390,3600
5149300200,20140902T000000,316500,3,1.75,1600,14250,1,0,0,3,7,1070,530,1979,0,98023,47.3272,-122.355,2140,14960
9273200140,20150121T000000,1.31E+06,2,2.25,3950,3938,2,0,4,3,10,2910,1040,1991,0,98116,47.5912,-122.384,3220,4500
9542300320,20150202T000000,856600,4,2.25,2400,13430,1,0,0,4,9,2400,0,1964,0,98005,47.5987,-122.178,2580,10077
770000045,20141024T000000,405600,5,1.5,2830,4000,2.5,0,0,4,8,2830,0,1918,0,98118,47.5132,-122.262,1480,4000
826079094,20150324T000000,330000,3,2,1400,218252,1,0,0,3,7,1400,0,1997,0,98019,47.7576,-121.934,2230,218222
208500160,20150107T000000,760000,4,2.5,2430,6099,1,0,0,5,8,1470,960,1965,0,98115,47.6777,-122.287,2180,6099
3343901234,20141113T000000,341500,3,1.5,1130,7223,1,0,0,4,7,1130,0,1961,0,98056,47.5089,-122.189,1320,7356
4040800810,20140502T000000,420000,3,2.25,2000,8030,1,0,0,4,8,1000,1000,1963,0,98008,47.6188,-122.114,2070,8250
3814400125,20141016T000000,493000,4,2,1910,2874,1,0,0,3,7,1060,850,1910,0,98122,47.6101,-122.295,1520,2874
7300400060,20140515T000000,370000,4,2.5,2710,5880,2,0,0,3,9,2710,0,1998,0,98092,47.3314,-122.172,2520,6000
1954700695,20140612T000000,2.25E+06,5,4.25,4860,9453,1.5,0,1,5,10,3100,1760,1905,0,98112,47.6196,-122.286,3150,8557
7230200340,20150225T000000,305000,3,1,1250,23680,1,0,0,5,7,1250,0,1967,0,98059,47.475,-122.11,1450,23680
1139000069,20141118T000000,320000,3,1.5,1240,1221,2,0,0,3,8,1050,190,2009,0,98133,47.7073,-122.356,1180,887
686500030,20141202T000000,650000,6,2.75,3610,10003,1.5,0,0,4,8,3610,0,1966,0,98008,47.6261,-122.125,2560,10004
2688100071,20150415T000000,500000,2,1,1280,5400,1,0,0,3,7,1280,0,1964,0,98117,47.6949,-122.371,1540,5670
2423069155,20141120T000000,460000,4,2,2090,40419,1,0,0,4,7,2090,0,1984,0,98027,47.4691,-121.993,2380,63162
2329500260,20140709T000000,232500,3,1.5,1940,9887,1,0,0,4,7,1140,800,1969,0,98003,47.3289,-122.327,1410,9936
205000520,20141006T000000,737500,4,2.5,3200,36276,2,0,0,3,9,3200,0,1993,0,98053,47.6304,-121.994,2930,33171
3885805935,20140926T000000,710000,4,2,1740,9000,1,0,0,5,8,1740,0,1958,0,98033,47.6815,-122.198,1850,7700
7852020640,20141020T000000,470000,3,2.5,2100,4700,2,0,0,3,8,2100,0,1999,0,98065,47.5341,-121.867,2100,4700
4083305445,20140815T000000,650000,3,2,1340,2720,1.5,0,0,3,7,1340,0,1913,0,98103,47.6518,-122.335,2030,4590
7855801610,20140519T000000,1.22E+06,4,2.5,3190,8684,1,0,3,5,9,1680,1510,1967,0,98006,47.5619,-122.162,3160,8684
8854100350,20150107T000000,625000,5,2.5,2990,15085,2,0,0,3,9,2990,0,2007,0,98011,47.746,-122.218,3150,13076
4365200860,20140606T000000,385200,4,1,1550,7740,1.5,0,0,3,6,1550,0,1954,0,98126,47.5222,-122.375,1220,7740
7843500070,20141118T000000,308000,4,2.25,1960,12243,2,0,0,3,8,1960,0,1989,0,98042,47.3405,-122.058,1910,12230
6067900060,20140605T000000,565000,3,2.75,2390,9966,1,0,0,5,8,1360,1030,1977,0,98006,47.5433,-122.185,2140,10713
7202340960,20140908T000000,581000,3,2.5,2600,4438,2,0,0,3,7,2600,0,2004,0,98053,47.6799,-122.034,2600,4904
259600260,20150122T000000,345000,3,1,1250,7210,1,0,0,4,7,1250,0,1964,0,98008,47.6329,-122.121,1530,8800
3276930400,20141022T000000,625000,4,2.25,2220,36085,2,0,0,3,9,2220,0,1989,0,98075,47.5839,-121.991,3000,36906
4045100075,20150325T000000,2.40E+06,4,4.25,4890,15188,2,0,2,3,11,3090,1800,1999,0,98040,47.5602,-122.227,3470,16201
4057300200,20141222T000000,310000,3,1.5,1150,3323,2,0,0,3,7,1150,0,1988,0,98029,47.5707,-122.017,1150,2980
6799300270,20140806T000000,310950,4,2.5,2030,4997,2,0,0,3,8,2030,0,2004,0,98031,47.393,-122.184,2095,5500
726049190,20150218T000000,431000,3,1,1810,7200,1,0,0,4,7,1130,680,1954,0,98133,47.7493,-122.351,1810,8100
1610000016,20140911T000000,175000,4,1,1300,6030,1.5,0,0,3,6,1300,0,1947,0,98168,47.4778,-122.286,1240,6900
7376300060,20140515T000000,465750,3,1.5,1260,10350,1,0,0,3,7,1260,0,1959,0,98008,47.6357,-122.123,1800,10350
7300200550,20150319T000000,659000,4,2.25,2610,24931,2,0,0,3,8,2610,0,1983,0,98075,47.5771,-122.05,2550,18306
2061100570,20150210T000000,595000,3,1.75,1910,5753,1,0,3,3,8,1110,800,1941,0,98115,47.6898,-122.327,1630,5580
8856890200,20140626T000000,350000,3,2.25,1780,16290,2,0,0,4,8,1780,0,1987,0,98058,47.4622,-122.127,1780,8810
8731951670,20140606T000000,270000,4,2.25,1900,8600,1,0,0,4,8,1900,0,1975,0,98023,47.3102,-122.381,2120,8000
4037200075,20140911T000000,662500,6,2.25,2450,25600,1,0,2,3,7,1340,1110,1957,0,98008,47.6061,-122.117,1850,10230
5066400483,20141120T000000,249900,3,1.75,1380,14000,1,0,0,4,5,1380,0,1939,1957,98001,47.294,-122.281,1490,18503
4167300310,20150317T000000,324500,3,1.75,1920,11340,1,0,0,4,7,1230,690,1977,0,98023,47.3272,-122.362,1980,9638
8682262400,20140718T000000,430000,2,1.75,1350,4003,1,0,0,3,8,1350,0,2004,0,98053,47.7176,-122.033,1350,4479
8682262400,20150513T000000,419950,2,1.75,1350,4003,1,0,0,3,8,1350,0,2004,0,98053,47.7176,-122.033,1350,4479
6777800160,20140728T000000,285000,4,1.75,2510,7440,1,0,2,4,8,1290,1220,1962,0,98032,47.3748,-122.276,1790,8000
1402950550,20150107T000000,332000,4,2.5,2470,7780,2,0,0,3,8,2470,0,2002,0,98092,47.3337,-122.191,2100,5972
2843200070,20141215T000000,282000,4,1.75,1660,10725,1,0,0,3,7,960,700,1956,0,98168,47.5033,-122.3,1340,9023
6450303785,20141118T000000,320000,3,1,1340,5175,1,0,0,3,7,940,400,1987,0,98133,47.7321,-122.34,1020,5500
9429500045,20140509T000000,428750,3,1,1620,30736,1.5,0,0,4,7,1620,0,1911,1977,98006,47.5719,-122.119,2440,28826
108000127,20141209T000000,456500,4,3.5,2000,2309,3,0,0,3,8,2000,0,2008,0,98177,47.7027,-122.361,1440,1548
1081300200,20140509T000000,352000,3,2.25,1640,11050,1,0,0,4,8,1640,0,1972,0,98059,47.4723,-122.121,1870,11050
9510900270,20141211T000000,254000,3,2,2070,9000,1,0,0,4,7,1450,620,1969,0,98023,47.3085,-122.376,1630,7885
3056800160,20140812T000000,370500,4,2.5,1790,6120,2,0,0,3,7,1790,0,2005,0,98059,47.4829,-122.128,1950,5660
2296500036,20150310T000000,450000,4,2.75,2980,13260,1,0,0,4,8,1800,1180,1979,0,98056,47.5152,-122.197,1920,10731
623069068,20140627T000000,425000,3,1,1520,213444,1.5,0,3,5,8,1520,0,1988,0,98027,47.5081,-122.093,2640,213444
1865820370,20141113T000000,166600,3,1.75,1150,8690,1,0,0,4,7,1150,0,1977,0,98042,47.3729,-122.115,1330,7040
6403310060,20140811T000000,539900,3,1.75,1650,10150,1,0,0,3,8,1230,420,1976,0,98033,47.6963,-122.169,1930,8958
8665050060,20140731T000000,457500,3,2.5,1500,4445,2,0,0,3,8,1500,0,1996,0,98029,47.5682,-122.005,1730,4408
3330500875,20141226T000000,381156,2,1,1320,3090,1,0,0,4,7,1320,0,1908,0,98118,47.5517,-122.276,1270,4120
6665800060,20150305T000000,795000,3,2,2920,13650,1,0,2,5,8,1460,1460,1975,0,98033,47.6652,-122.188,2920,10988
7504110030,20150211T000000,785000,4,2.5,3300,10514,2,0,0,3,10,3300,0,1984,0,98074,47.6323,-122.036,2820,11462
9536602080,20141219T000000,229000,3,1,1020,8100,1,0,0,3,7,1020,0,1954,0,98198,47.3586,-122.314,1020,8100
2349300060,20150212T000000,200000,4,2,1920,4822,1,0,0,2,6,920,1000,1914,0,98136,47.5507,-122.381,1120,4822
7749500370,20141021T000000,225000,4,2.25,1800,9350,1,0,0,3,8,1800,0,1969,0,98092,47.2959,-122.191,2060,8800
2436701200,20140912T000000,720000,3,1.75,2040,4000,2,0,0,5,7,1360,680,1924,0,98105,47.6675,-122.289,1610,4000
3323500030,20140604T000000,1.27E+06,5,2.5,3200,17204,1,0,0,3,7,2160,1040,1952,0,98004,47.6209,-122.222,4090,15732
2110200036,20141111T000000,700000,5,3.25,2400,3118,2,0,0,4,7,1780,620,1928,0,98122,47.6094,-122.291,2100,3941
1387300070,20140825T000000,374000,3,1.5,1330,10640,1,0,0,3,7,1330,0,1976,0,98011,47.7364,-122.193,1460,8520
2324800070,20140610T000000,740000,3,2.5,3000,25341,2,0,0,3,9,3000,0,1995,0,98053,47.6724,-122.013,3000,32417
880000189,20140811T000000,209000,3,2,1230,1340,2,0,0,3,7,1020,210,2003,0,98106,47.526,-122.361,1260,1312
643500030,20141114T000000,431650,5,2.5,1710,7700,1.5,0,0,3,7,1710,0,1962,0,98007,47.5922,-122.146,1530,7700
8566100200,20140508T000000,980000,5,2.5,3160,11470,1,0,0,4,9,1780,1380,1971,0,98040,47.5368,-122.216,3260,11470
4298100240,20140805T000000,660000,3,2.5,2680,28243,2,0,0,3,9,2680,0,1993,0,98077,47.7637,-122.05,2670,32130
1923000160,20140620T000000,905000,4,3.5,2970,14486,2,0,0,3,9,2340,630,1997,0,98040,47.5627,-122.215,3680,14486
7574910860,20140811T000000,800000,4,2.5,2570,50308,1.5,0,0,3,10,2570,0,1993,0,98077,47.7418,-122.039,3420,37891
2296500136,20140509T000000,839900,4,3.5,3810,13592,1,0,1,3,9,2560,1250,2013,0,98056,47.5134,-122.2,3230,9311
3278600710,20140714T000000,200000,1,1.5,1010,1157,2,0,0,3,8,950,60,2007,0,98126,47.5492,-122.372,1360,1688
2460700260,20150218T000000,300000,3,2,1480,6698,1,0,0,4,7,1080,400,1979,0,98058,47.4614,-122.168,1850,7348
3188100400,20140603T000000,530000,3,1.75,1250,6041,1.5,0,0,5,7,1250,0,1942,0,98115,47.69,-122.304,1180,6042
1596600024,20141016T000000,550000,5,2.75,2160,5720,1,0,0,5,7,1500,660,1950,0,98144,47.5728,-122.304,2160,4996
3224800075,20141124T000000,234000,3,1.75,1420,8738,1,0,0,4,7,1420,0,1966,0,98002,47.3113,-122.207,1660,8738
7526800200,20141010T000000,615000,4,2.25,2500,10062,1,0,0,3,8,1600,900,1975,0,98052,47.639,-122.1,2500,9750
3329530200,20140910T000000,205000,3,2,1410,8384,1,0,0,3,7,1410,0,1985,0,98001,47.3315,-122.263,1410,9205
103000116,20140722T000000,645000,3,1.75,2070,5500,1,0,0,4,7,1130,940,1946,0,98115,47.6733,-122.301,1800,4400
1431700370,20140519T000000,290000,5,1.5,2120,7700,1.5,0,0,5,7,2120,0,1962,0,98058,47.4599,-122.172,1730,7700
7524000030,20140630T000000,250000,3,2,1440,9220,1,0,0,3,7,1440,0,1965,0,98198,47.3702,-122.317,1390,7830
4325000125,20150318T000000,255000,3,1.5,1340,8450,1,0,0,4,7,1340,0,1958,0,98188,47.4405,-122.28,1340,8920
2465400036,20141203T000000,990000,4,2.5,2780,10480,1,0,3,3,7,1390,1390,1967,0,98033,47.6597,-122.204,2860,10506
5412200270,20140520T000000,288400,4,2.5,1860,6687,1,0,0,4,7,1220,640,1983,0,98031,47.4046,-122.186,1860,6117
1109000390,20150310T000000,420000,3,1.5,2390,4600,2,0,0,3,8,1750,640,1920,1995,98118,47.5383,-122.268,1690,5220
8730000270,20150514T000000,359000,2,2.75,1370,1140,2,0,0,3,8,1080,290,2009,0,98133,47.7052,-122.343,1370,1090
7937600830,20140808T000000,390000,4,3,2570,262018,1,0,0,3,7,1420,1150,1988,0,98058,47.4417,-122.09,2260,19811
8663280160,20150305T000000,545000,5,2.5,2520,7863,1,0,0,3,7,1500,1020,1981,0,98034,47.7096,-122.199,2030,8580
8594400370,20150205T000000,299900,3,2.25,1560,35026,1,0,0,3,7,1290,270,1985,0,98092,47.3023,-122.069,1660,35160
2301400640,20140717T000000,891000,4,2,2330,5000,1.5,0,0,5,7,1720,610,1925,0,98117,47.6804,-122.358,2090,5000
4441300240,20150331T000000,1.20E+06,3,2,3660,22410,1,0,3,4,9,1830,1830,1947,0,98117,47.6972,-122.4,2680,8250
7714000070,20150205T000000,378000,4,2.5,2790,4650,2,0,0,3,8,2790,0,2004,0,98038,47.3556,-122.026,2820,4650
2768301715,20150311T000000,565000,4,3,2020,4300,1.5,0,0,3,6,2020,0,1900,0,98107,47.6653,-122.372,1290,3440
3332000135,20140612T000000,315000,2,1,970,5665,1,0,0,4,6,970,0,1908,0,98118,47.5513,-122.273,1490,4429
8820901670,20140811T000000,971000,5,3.5,4390,10140,2,0,0,3,9,3350,1040,2005,0,98125,47.7174,-122.282,2010,8400
4167300030,20150209T000000,260000,4,1.75,1810,7480,1,0,0,3,7,1230,580,1977,0,98023,47.3275,-122.361,1870,9594
3812400070,20150506T000000,435000,5,1,1410,6750,1.5,0,0,3,6,1410,0,1929,0,98118,47.5453,-122.278,1360,6750
8691300860,20150421T000000,851000,4,2.5,3130,13202,2,0,0,3,10,3130,0,1996,0,98075,47.5878,-121.976,2840,10470
7279300070,20140922T000000,345500,3,1,1350,8581,1,0,0,5,6,1350,0,1944,0,98177,47.7612,-122.362,2080,8451
6852700478,20140916T000000,425000,2,1,970,2970,1,0,0,3,7,970,0,1910,0,98102,47.6233,-122.319,1670,3000
5462100240,20140625T000000,196500,3,1,1320,9000,1,0,0,3,7,1320,0,1966,0,98001,47.3461,-122.272,1320,9800
3578110200,20140623T000000,440000,3,1.75,1560,7207,1,0,0,3,7,1250,310,1983,0,98034,47.7283,-122.222,1540,7485
2313900510,20141028T000000,532500,3,1.75,1330,5000,2,0,0,4,7,1210,120,1909,0,98116,47.5724,-122.384,1500,4000
2009001600,20150506T000000,265000,3,1,1070,9000,1,0,0,4,7,1070,0,1950,0,98198,47.4061,-122.33,1840,12000
1455100116,20150202T000000,397500,3,1.25,1510,13737,1,0,3,4,6,810,700,1961,0,98125,47.7289,-122.283,2560,10202
1778350070,20140509T000000,765000,4,2.75,2790,10819,2,0,0,3,10,2790,0,1996,0,98027,47.5515,-122.08,3080,12603
1703050200,20140806T000000,648000,4,2.5,2620,5450,2,0,0,3,9,2620,0,2001,0,98074,47.6301,-122.019,2590,5371
5469700570,20140812T000000,469500,5,2.5,2970,24759,1,0,0,4,8,1670,1300,1969,0,98031,47.3908,-122.173,2100,21803
100600860,20150324T000000,237500,3,1.75,1050,7854,1,0,0,4,7,1050,0,1975,0,98023,47.3011,-122.369,1360,7668
3205200640,20150330T000000,427200,3,1,1030,8400,1,0,0,4,7,1030,0,1963,0,98056,47.5364,-122.173,1270,8400
1777500160,20150425T000000,718000,5,3,3070,9804,1,0,0,4,9,1740,1330,1968,0,98006,47.5702,-122.128,2550,9689
7853340860,20150310T000000,420000,2,2.75,1760,4139,2,0,0,3,8,1760,0,2010,0,98065,47.5175,-121.878,1870,3076
1862400132,20140916T000000,379000,2,1,930,5400,1,0,0,3,7,930,0,1952,0,98117,47.6971,-122.372,1050,5400
6380500135,20140527T000000,326100,2,1,880,7683,1,0,0,3,6,880,0,1942,0,98177,47.7145,-122.361,1370,7695
2571910160,20141001T000000,283000,4,2.75,2130,8560,1,0,0,3,7,1560,570,1992,0,98022,47.1949,-122.01,2130,8560
3904910320,20150225T000000,484950,3,2.25,1670,5004,2,0,0,3,8,1670,0,1987,0,98029,47.5688,-122.017,1850,5276
3226049270,20150304T000000,585000,4,2.5,2160,8158,1,0,0,4,8,1660,500,1952,0,98115,47.6948,-122.328,1520,7208
1455600030,20150108T000000,645000,4,2,2780,11583,1,0,3,3,8,1190,1590,1955,0,98125,47.7293,-122.284,2580,10241
5559600140,20150505T000000,253000,3,2,1490,7651,1,0,0,3,7,1490,0,1988,0,98003,47.3211,-122.325,1590,7795
984000710,20141022T000000,270000,3,2,1560,8853,1,0,0,3,7,1560,0,1967,0,98058,47.4312,-122.171,1610,8750
4167300350,20140508T000000,258000,4,1.75,1730,8320,1,0,0,3,7,1230,500,1977,0,98023,47.327,-122.361,1840,9800
461004720,20150422T000000,563000,3,2,1380,5000,1.5,0,0,4,7,1380,0,1917,0,98117,47.6807,-122.369,1350,5000
1624079104,20150402T000000,540000,3,2.25,2000,217800,2,0,0,3,8,2000,0,1996,0,98024,47.5599,-121.911,2220,217800
865100055,20140612T000000,900000,4,2.25,2460,44431,1,0,0,4,9,2460,0,1957,0,98007,47.6042,-122.147,2830,44431
342000570,20140909T000000,429000,2,1,1080,3600,1,0,0,3,7,1080,0,1922,0,98122,47.6078,-122.291,2230,4500
7199320570,20150126T000000,520000,4,2.25,1870,7700,2,0,0,3,7,1870,0,1977,0,98052,47.6937,-122.127,1970,7700
6414100560,20140618T000000,475000,3,1.75,1700,8432,1,0,0,3,8,1230,470,1977,0,98125,47.7221,-122.317,1800,7842
1623049214,20140926T000000,283000,4,1.5,1480,47045,1,0,0,5,6,1480,0,1942,0,98168,47.4809,-122.3,1530,11000
2379300340,20150331T000000,321500,4,2.5,1930,6228,2,0,0,3,8,1930,0,2000,0,98030,47.3572,-122.191,1930,6168
8562500200,20140605T000000,375000,3,1.75,960,8106,1,0,0,3,7,960,0,1962,0,98052,47.6737,-122.156,1650,8035
8143100350,20140825T000000,349500,3,1.75,1260,7128,1,0,0,4,7,1260,0,1969,0,98034,47.7263,-122.205,1330,7326
7697920160,20140515T000000,245000,3,1.75,1490,6930,1,0,0,4,7,1490,0,1990,0,98030,47.3682,-122.179,1880,6861
1370804430,20150305T000000,543115,2,1,1380,5484,1,0,0,3,8,1030,350,1947,0,98199,47.6382,-122.399,1380,5347
8682231170,20150429T000000,554000,2,2,1920,6045,1,0,0,3,8,1920,0,2003,0,98053,47.7107,-122.031,1670,5200
2021201000,20140523T000000,980000,4,3,3680,5854,1,0,3,3,10,2060,1620,1967,0,98199,47.6327,-122.395,3140,5000
7215722010,20150226T000000,566000,3,2.5,1560,5259,2,0,0,3,8,1560,0,1999,0,98075,47.5985,-122.016,2170,5461
16000435,20150316T000000,218500,2,1,1600,8961,1,0,0,4,7,1390,210,1949,0,98002,47.3098,-122.21,1502,6798
7197300105,20140502T000000,550000,4,2.5,1940,10500,1,0,0,4,7,1140,800,1976,0,98052,47.683,-122.114,2200,10500
2423020270,20140715T000000,470000,3,2.25,1780,8784,1,0,0,3,7,1230,550,1977,0,98033,47.701,-122.172,1780,7704
1825079070,20150313T000000,590000,3,1.75,1560,242629,1,0,0,3,7,1560,0,1981,0,98053,47.6493,-121.956,2320,220654
5255710160,20150318T000000,465000,4,2.25,2210,8862,1,0,0,4,8,1270,940,1977,0,98011,47.7725,-122.198,2030,8862
723069135,20140915T000000,499000,2,1.75,2040,114562,1,0,0,4,7,2040,0,1968,0,98027,47.4985,-122.092,1850,94960
2024059094,20140825T000000,515000,3,2.25,1920,11500,1,0,0,3,8,1920,0,1972,2000,98006,47.5498,-122.188,2260,8866
7613700860,20141106T000000,716500,3,1.75,1930,5000,1,0,0,3,9,1230,700,1936,0,98105,47.6582,-122.278,2300,6000
5309101200,20140605T000000,620000,4,2.25,2400,5350,1.5,0,0,4,7,1460,940,1929,0,98117,47.6763,-122.37,1250,4880
8127700445,20140716T000000,699000,3,1.75,1670,5375,1,0,0,3,7,1270,400,1952,0,98199,47.6416,-122.397,1460,6125
9421500070,20141230T000000,528000,4,2.25,1910,8005,1,0,0,3,8,1280,630,1960,0,98125,47.7259,-122.298,1860,8010
9477710160,20150426T000000,425000,3,1.75,1560,9452,1,0,0,4,8,1560,0,1974,0,98056,47.5197,-122.18,2200,9985
3524039204,20140813T000000,790000,4,2.75,2840,11900,1,0,3,4,9,1640,1200,1961,0,98136,47.5271,-122.386,2790,10070
5706200060,20140818T000000,399950,3,1,1020,18050,1,0,0,3,7,1020,0,1969,0,98027,47.5254,-122.043,1750,11640
7283900012,20141021T000000,275000,3,1.5,1410,9000,1,0,0,3,7,1410,0,1953,0,98133,47.7635,-122.35,1910,7214
809001070,20150123T000000,550000,3,1,1520,2500,1.5,0,0,3,8,1520,0,1912,0,98109,47.6347,-122.352,1880,3600
3340401535,20141105T000000,140000,1,1,730,6890,1,0,0,4,4,730,0,1926,0,98055,47.467,-122.215,1790,7969
