Singleton,Knockando,White Horse,Scoresby Rare,Ushers,Macallan,Grant's,Passport,Black & White,Clan MacGregor,Ballantine,Pinch (Haig),Other brands,Cutty Sark,Glenfiddich,Glenlivet,J&B,Dewar's White Label,Johnnie Walker Black Label,Johnnie Walker Red Label,Chivas Regal
1,0,0,0,0,0,0,0,0,0,0,0,0,0,0,0,0,0,0,0,0
0,1,0,0,0,0,0,0,0,0,0,0,0,0,0,0,0,0,0,0,0
0,0,1,0,0,0,0,0,0,0,0,0,0,0,0,0,0,0,0,0,0
0,0,0,0,1,0,0,0,0,0,0,0,0,0,0,0,0,0,0,0,0
0,0,0,0,0,0,1,0,0,0,0,0,0,0,0,0,0,0,0,0,0
0,0,0,1,0,0,0,0,0,0,0,0,0,0,0,0,0,0,0,0,0
0,0,0,0,0,0,0,0,1,0,0,0,0,0,0,0,0,0,0,0,0
0,0,0,0,0,0,0,1,0,0,0,0,0,0,0,0,0,0,0,0,0
0,0,0,0,0,0,1,1,0,0,0,0,0,0,0,0,0,0,0,0,0
0,0,0,0,0,1,0,0,0,0,0,0,0,0,0,0,0,0,0,0,0
0,0,0,0,0,0,0,0,0,0,1,0,0,0,0,0,0,0,0,0,0
0,0,0,1,0,0,0,0,0,0,1,0,0,0,0,0,0,0,0,0,0
0,0,0,0,0,0,0,1,0,0,1,0,0,0,0,0,0,0,0,0,0
0,0,0,0,0,0,0,0,0,1,0,0,0,0,0,0,0,0,0,0,0
0,0,0,0,0,0,1,0,0,1,0,0,0,0,0,0,0,0,0,0,0
0,0,0,1,0,0,0,0,0,1,0,0,0,0,0,0,0,0,0,0,0
0,0,0,1,1,0,0,0,0,1,0,0,0,0,0,0,0,0,0,0,0
0,0,0,0,0,0,0,1,0,1,0,0,0,0,0,0,0,0,0,0,0
0,0,0,0,0,0,0,0,0,0,0,1,0,0,0,0,0,0,0,0,0
0,0,0,0,0,0,0,0,0,0,0,0,0,0,1,0,0,0,0,0,0
0,1,0,0,0,0,0,0,0,0,0,0,0,0,1,0,0,0,0,0,0
0,1,0,0,0,1,0,0,0,0,0,0,0,0,1,0,0,0,0,0,0
0,0,0,0,0,0,0,0,0,1,0,0,0,0,1,0,0,0,0,0,0
0,0,0,0,0,0,0,0,0,0,0,0,0,1,0,0,0,0,0,0,0
0,0,0,0,0,0,1,0,0,0,0,0,0,1,0,0,0,0,0,0,0
0,0,0,1,0,0,0,0,0,0,0,0,0,1,0,0,0,0,0,0,0
0,0,0,0,0,0,0,0,1,0,0,0,0,1,0,0,0,0,0,0,0
0,0,0,0,0,0,0,1,0,0,0,0,0,1,0,0,0,0,0,0,0
0,0,0,0,0,0,1,1,0,0,0,0,0,1,0,0,0,0,0,0,0
0,0,0,0,0,0,0,0,0,0,1,0,0,1,0,0,0,0,0,0,0
0,0,0,0,0,0,0,0,0,1,0,0,0,1,0,0,0,0,0,0,0
0,1,0,0,0,1,0,1,1,1,1,0,0,1,0,0,0,0,0,0,0
0,0,0,0,0,0,0,0,0,0,0,1,0,1,0,0,0,0,0,0,0
0,0,0,0,0,0,0,0,0,0,0,0,0,1,1,0,0,0,0,0,0
0,0,0,0,0,0,1,0,0,0,0,0,0,1,1,0,0,0,0,0,0
0,0,0,0,0,0,0,0,0,0,0,0,0,0,0,1,0,0,0,0,0
1,0,0,0,0,0,0,0,0,0,0,0,0,0,0,1,0,0,0,0,0
0,0,0,0,1,0,0,0,0,0,0,0,0,0,0,1,0,0,0,0,0
0,0,0,0,0,0,1,0,0,0,0,0,0,0,0,1,0,0,0,0,0
0,1,1,0,0,0,0,1,0,0,0,0,0,0,0,1,0,0,0,0,0
0,0,0,0,0,1,0,0,0,0,0,0,0,0,0,1,0,0,0,0,0
0,0,0,0,0,1,0,0,0,1,0,0,0,0,0,1,0,0,0,0,0
0,0,0,0,0,0,0,0,0,0,0,1,0,0,0,1,0,0,0,0,0
0,0,0,0,0,0,0,0,0,0,0,0,0,0,1,1,0,0,0,0,0
0,0,0,0,0,0,1,0,0,0,0,0,0,0,1,1,0,0,0,0,0
0,0,0,0,0,1,0,0,0,0,0,0,0,0,1,1,0,0,0,0,0
0,0,0,0,0,0,0,0,0,0,1,0,0,0,1,1,0,0,0,0,0
0,0,0,0,0,0,0,0,0,1,0,0,0,0,1,1,0,0,0,0,0
0,1,0,0,0,0,0,0,0,0,0,1,0,0,1,1,0,0,0,0,0
0,0,0,0,0,0,0,0,0,0,0,0,0,1,0,1,0,0,0,0,0
0,0,1,0,0,0,0,0,1,0,0,0,0,1,0,1,0,0,0,0,0
0,0,0,0,0,0,0,0,0,0,0,0,0,1,1,1,0,0,0,0,0
0,0,0,0,0,0,0,0,0,0,0,0,1,0,0,0,0,0,0,0,0
0,1,0,0,0,0,0,0,0,0,0,0,1,0,0,0,0,0,0,0,0
0,0,0,1,0,0,0,0,0,0,0,0,1,0,0,0,0,0,0,0,0
0,0,0,0,0,0,1,1,0,0,0,0,1,0,0,0,0,0,0,0,0
0,0,0,0,0,1,0,0,0,0,0,0,1,0,0,0,0,0,0,0,0
0,1,0,0,0,1,0,0,0,0,0,0,1,0,0,0,0,0,0,0,0
0,0,0,0,0,0,0,0,0,0,1,0,1,0,0,0,0,0,0,0,0
0,0,0,0,0,0,1,0,0,0,1,0,1,0,0,0,0,0,0,0,0
0,0,0,0,0,0,0,0,0,1,0,0,1,0,0,0,0,0,0,0,0
0,0,0,0,0,0,0,0,0,0,0,1,1,0,0,0,0,0,0,0,0
0,0,0,0,0,0,0,0,0,0,0,0,1,0,1,0,0,0,0,0,0
0,0,0,0,0,0,1,0,0,0,0,0,1,0,1,0,0,0,0,0,0
0,0,0,0,0,1,0,0,0,0,0,0,1,0,1,0,0,0,0,0,0
0,0,0,0,0,0,0,0,0,1,0,0,1,0,1,0,0,0,0,0,0
0,0,0,0,0,0,0,0,0,0,0,0,1,0,0,1,0,0,0,0,0
0,0,0,0,0,1,0,0,0,0,0,0,1,0,0,1,0,0,0,0,0
1,1,0,0,0,1,0,0,0,0,0,0,1,0,0,1,0,0,0,0,0
0,0,0,0,0,1,0,0,0,0,1,0,1,0,0,1,0,0,0,0,0
0,0,0,0,0,0,0,0,0,0,0,0,1,0,1,1,0,0,0,0,0
0,1,0,0,0,0,0,0,0,0,0,0,1,0,1,1,0,0,0,0,0
0,0,0,0,0,1,0,0,0,0,0,0,1,0,1,1,0,0,0,0,0
0,1,0,0,0,1,0,0,0,0,0,0,1,0,1,1,0,0,0,0,0
0,0,0,0,0,0,0,0,0,0,0,0,0,0,0,0,0,0,0,1,0
1,0,0,0,0,0,0,0,0,0,0,0,0,0,0,0,0,0,0,1,0
0,0,0,0,1,0,0,0,0,0,0,0,0,0,0,0,0,0,0,1,0
0,0,1,0,1,0,0,0,0,0,0,0,0,0,0,0,0,0,0,1,0
0,0,0,1,0,0,0,0,0,0,0,0,0,0,0,0,0,0,0,1,0
0,0,0,0,0,0,0,0,1,0,0,0,0,0,0,0,0,0,0,1,0
0,0,0,0,0,0,0,0,0,0,1,0,0,0,0,0,0,0,0,1,0
0,0,0,0,0,0,0,0,0,1,0,0,0,0,0,0,0,0,0,1,0
0,0,0,0,0,0,0,0,0,0,0,0,0,0,1,0,0,0,0,1,0
0,0,0,0,0,0,0,0,0,0,0,0,0,1,0,0,0,0,0,1,0
0,0,0,0,0,0,1,0,0,0,0,0,0,1,0,0,0,0,0,1,0
0,0,0,0,0,0,0,0,0,0,0,0,0,0,0,1,0,0,0,1,0
0,0,0,0,0,0,0,0,1,0,0,0,0,0,0,1,0,0,0,1,0
0,0,0,0,0,0,0,1,0,0,0,0,0,0,0,1,0,0,0,1,0
0,0,0,0,0,0,0,0,0,0,0,0,0,0,1,1,0,0,0,1,0
0,0,0,0,0,0,0,0,0,0,0,0,1,0,0,0,0,0,0,1,0
0,0,0,0,0,0,1,0,0,0,0,0,1,0,0,0,0,0,0,1,0
0,0,0,0,0,0,0,0,0,0,0,0,1,0,1,0,0,0,0,1,0
0,1,0,0,0,1,0,0,0,0,0,0,1,0,0,1,0,0,0,1,0
0,0,0,0,0,0,0,0,0,0,0,0,1,0,1,1,0,0,0,1,0
0,0,0,0,0,0,0,0,0,0,0,0,0,0,0,0,1,0,0,0,0
0,0,0,1,0,0,0,0,0,0,0,0,0,0,0,0,1,0,0,0,0
0,0,0,0,0,1,0,0,0,0,0,0,0,0,0,0,1,0,0,0,0
0,0,0,0,0,0,0,0,0,1,0,0,0,0,0,0,1,0,0,0,0
0,0,0,0,0,0,0,1,0,1,0,0,0,0,0,0,1,0,0,0,0
0,0,0,0,0,0,0,0,0,0,0,1,0,0,0,0,1,0,0,0,0
0,0,0,0,0,0,0,0,0,0,0,0,0,0,1,0,1,0,0,0,0
0,0,0,0,0,0,0,0,0,0,0,0,0,1,0,0,1,0,0,0,0
0,0,0,0,1,0,0,0,0,0,0,0,0,1,0,0,1,0,0,0,0
0,0,0,0,0,0,0,0,1,0,0,0,0,1,0,0,1,0,0,0,0
0,0,0,1,1,0,0,1,0,0,1,0,0,1,0,0,1,0,0,0,0
0,0,0,0,0,0,0,0,1,0,1,1,0,1,0,0,1,0,0,0,0
0,0,0,0,0,0,0,0,0,0,0,0,0,1,1,0,1,0,0,0,0
0,0,0,0,0,0,0,0,0,0,0,0,0,0,0,1,1,0,0,0,0
0,0,0,1,0,0,0,0,0,0,0,0,0,0,0,1,1,0,0,0,0
0,0,0,0,0,0,1,0,0,1,0,0,0,0,0,1,1,0,0,0,0
0,0,0,0,0,0,0,0,0,0,0,0,0,1,0,1,1,0,0,0,0
0,0,0,0,0,0,0,0,1,0,0,0,0,1,0,1,1,0,0,0,0
0,0,0,0,0,0,0,1,0,0,0,1,0,1,1,1,1,0,0,0,0
0,0,0,0,0,0,0,0,0,0,0,0,1,0,0,0,1,0,0,0,0
0,0,0,0,0,0,1,0,0,0,0,0,1,0,0,0,1,0,0,0,0
0,0,0,1,1,0,1,0,0,0,0,0,1,0,0,0,1,0,0,0,0
0,0,0,0,0,0,0,1,0,0,0,0,1,0,0,0,1,0,0,0,0
1,0,0,0,0,0,0,0,0,0,1,1,1,0,1,0,1,0,0,0,0
0,0,0,0,0,0,0,0,0,0,0,0,1,1,1,0,1,0,0,0,0
0,0,0,0,0,0,0,0,0,0,0,0,1,0,0,1,1,0,0,0,0
0,0,0,0,0,0,0,0,0,0,0,0,1,0,1,1,1,0,0,0,0
0,0,0,0,0,0,0,0,0,0,0,0,1,1,0,1,1,0,0,0,0
0,0,0,0,0,0,0,0,0,0,0,0,0,0,0,0,1,0,0,1,0
1,0,0,1,0,0,0,0,0,0,0,0,0,0,0,0,1,0,0,1,0
0,0,0,0,0,0,0,0,0,0,1,0,0,0,0,0,1,0,0,1,0
1,0,1,1,1,0,1,1,1,0,1,1,0,0,1,0,1,0,0,1,0
0,0,0,0,0,0,0,0,0,0,0,0,0,1,0,0,1,0,0,1,0
0,0,0,0,1,0,0,0,0,0,0,0,0,1,0,0,1,0,0,1,0
0,0,0,0,0,0,0,0,0,0,0,0,1,0,0,0,1,0,0,1,0
0,0,0,0,0,0,0,1,0,0,0,0,1,0,1,0,1,0,0,1,0
0,0,0,0,0,0,0,0,0,0,0,0,0,0,0,0,0,0,1,0,0
0,0,1,0,0,0,0,0,0,0,0,0,0,0,0,0,0,0,1,0,0
0,0,0,0,0,0,0,0,1,0,0,0,0,0,0,0,0,0,1,0,0
0,0,0,0,0,0,0,0,0,0,1,0,0,0,0,0,0,0,1,0,0
0,0,0,0,0,0,0,0,0,0,0,1,0,0,0,0,0,0,1,0,0
0,0,0,0,0,0,0,0,1,0,0,1,0,0,0,0,0,0,1,0,0
0,0,0,0,0,0,0,0,0,1,0,0,0,0,1,0,0,0,1,0,0
0,0,0,0,0,0,0,0,0,0,0,1,0,0,1,0,0,0,1,0,0
0,0,0,0,0,0,0,0,0,0,0,0,0,1,0,0,0,0,1,0,0
0,0,0,0,0,0,0,0,0,0,0,0,0,0,0,1,0,0,1,0,0
0,0,0,0,0,1,0,0,0,0,0,0,0,0,0,1,0,0,1,0,0
0,0,0,0,0,0,0,0,0,0,0,1,0,0,0,1,0,0,1,0,0
0,0,0,0,0,0,0,0,0,0,0,0,0,0,1,1,0,0,1,0,0
0,0,0,0,0,0,0,0,0,0,1,0,0,0,1,1,0,0,1,0,0
0,0,0,0,0,0,0,0,0,0,0,0,0,1,0,1,0,0,1,0,0
0,0,0,0,0,0,0,0,0,0,0,0,1,0,0,0,0,0,1,0,0
0,0,0,0,0,0,0,0,1,0,0,0,1,0,0,0,0,0,1,0,0
1,0,0,0,0,1,0,0,0,0,0,0,1,0,0,0,0,0,1,0,0
0,0,0,0,0,0,0,0,0,0,0,0,1,0,1,0,0,0,1,0,0
0,0,0,0,0,0,0,0,0,0,0,0,1,0,0,1,0,0,1,0,0
0,0,0,0,0,0,0,0,0,0,0,0,1,0,1,1,0,0,1,0,0
0,0,0,0,0,1,0,0,0,0,0,0,1,0,1,1,0,0,1,0,0
0,0,0,0,0,0,0,0,0,0,0,0,0,0,0,0,0,0,1,1,0
0,0,0,0,1,0,0,0,0,0,0,0,0,0,0,0,0,0,1,1,0
0,0,0,0,0,0,0,0,1,0,0,0,0,0,0,0,0,0,1,1,0
0,0,0,0,0,0,0,0,0,0,0,1,0,0,0,0,0,0,1,1,0
0,0,0,0,0,0,0,0,0,0,0,0,0,1,0,0,0,0,1,1,0
0,0,0,0,0,0,0,0,0,0,0,1,0,0,0,1,0,0,1,1,0
0,0,0,0,0,0,0,0,0,0,0,0,0,0,1,1,0,0,1,1,0
0,0,0,0,0,0,0,0,0,0,0,0,1,0,0,0,0,0,1,1,0
0,0,0,0,0,0,0,0,0,1,0,0,1,0,0,0,0,0,1,1,0
0,0,0,0,0,0,0,0,0,0,0,0,0,0,0,0,1,0,1,0,0
0,0,0,0,0,0,1,0,0,0,0,0,0,0,0,0,1,0,1,0,0
0,0,0,0,0,0,0,1,1,0,0,0,0,0,0,0,1,0,1,0,0
0,0,0,0,0,0,0,0,0,0,0,0,0,1,0,0,1,0,1,0,0
0,0,0,0,0,0,0,0,1,0,0,0,1,0,0,0,1,0,1,0,0
1,0,1,1,1,1,1,1,0,0,0,1,1,0,0,1,1,0,1,0,0
0,0,0,0,0,0,0,0,0,0,0,0,0,0,0,0,1,0,1,1,0
0,0,0,0,0,0,0,0,0,0,1,0,0,0,0,0,1,0,1,1,0
0,0,0,0,0,0,0,0,0,0,0,0,0,0,0,1,1,0,1,1,0
0,0,1,0,0,0,0,0,0,0,0,0,1,0,0,0,1,0,1,1,0
0,0,0,0,0,0,0,0,0,0,0,0,0,0,0,0,0,1,0,0,0
1,0,0,0,0,0,0,0,0,0,0,0,0,0,0,0,0,1,0,0,0
0,0,1,0,0,0,0,0,0,0,0,0,0,0,0,0,0,1,0,0,0
0,0,0,0,1,0,0,0,0,0,0,0,0,0,0,0,0,1,0,0,0
0,0,0,0,0,0,1,0,0,0,0,0,0,0,0,0,0,1,0,0,0
0,0,0,1,0,0,0,0,0,0,0,0,0,0,0,0,0,1,0,0,0
0,0,0,0,0,1,0,0,0,0,0,0,0,0,0,0,0,1,0,0,0
0,0,0,0,0,0,0,0,0,0,1,0,0,0,0,0,0,1,0,0,0
0,0,0,0,0,0,0,0,0,1,0,0,0,0,0,0,0,1,0,0,0
0,0,0,0,0,0,0,1,0,1,0,0,0,0,0,0,0,1,0,0,0
1,0,0,0,0,1,0,1,0,1,0,0,0,0,0,0,0,1,0,0,0
0,0,0,0,0,0,0,0,0,0,0,1,0,0,0,0,0,1,0,0,0
0,0,0,0,0,0,0,0,0,0,0,0,0,0,1,0,0,1,0,0,0
0,0,0,0,0,1,0,0,0,0,0,0,0,0,1,0,0,1,0,0,0
0,0,0,0,0,0,0,0,0,0,0,0,0,1,0,0,0,1,0,0,0
0,0,0,0,0,0,0,0,0,1,0,0,0,1,0,0,0,1,0,0,0
0,0,0,0,0,0,0,0,0,0,0,0,0,0,0,1,0,1,0,0,0
0,1,0,0,0,0,0,0,0,0,0,0,0,0,0,1,0,1,0,0,0
0,0,0,0,0,1,0,0,0,0,0,0,0,0,0,1,0,1,0,0,0
0,0,0,0,0,0,0,0,0,0,0,0,0,0,1,1,0,1,0,0,0
0,0,0,0,0,0,0,0,0,0,0,0,0,1,0,1,0,1,0,0,0
0,0,0,0,0,0,0,0,0,0,0,0,1,0,0,0,0,1,0,0,0
0,0,0,0,0,0,1,0,0,0,0,0,1,0,0,0,0,1,0,0,0
0,0,0,0,1,0,1,0,0,0,0,0,1,0,0,0,0,1,0,0,0
0,0,0,0,0,0,0,0,0,0,0,0,1,0,1,0,0,1,0,0,0
0,1,0,0,0,0,0,0,0,0,0,0,1,1,0,0,0,1,0,0,0
0,0,0,0,0,0,1,0,0,0,0,0,1,1,0,0,0,1,0,0,0
0,1,0,0,0,1,0,0,0,0,0,0,1,0,0,1,0,1,0,0,0
0,0,0,0,0,0,0,0,0,0,0,0,1,0,1,1,0,1,0,0,0
0,0,0,0,0,0,0,0,0,0,0,0,0,0,0,0,0,1,0,1,0
0,0,1,0,0,0,0,0,0,0,0,0,0,0,0,0,0,1,0,1,0
0,0,0,0,0,0,1,0,0,0,0,0,0,0,0,0,0,1,0,1,0
0,0,0,0,0,0,0,0,1,0,0,0,0,0,0,0,0,1,0,1,0
0,0,0,0,0,1,0,0,0,0,0,0,0,0,0,0,0,1,0,1,0
0,0,0,0,0,0,0,0,0,0,0,0,0,0,1,0,0,1,0,1,0
0,0,0,0,0,0,0,0,0,0,0,0,0,1,0,0,0,1,0,1,0
0,0,0,0,0,0,0,0,0,0,0,0,0,0,0,1,0,1,0,1,0
0,0,0,0,0,0,0,0,0,0,0,0,1,0,0,0,0,1,0,1,0
0,0,0,0,0,0,0,0,0,0,0,0,1,0,0,1,0,1,0,1,0
0,0,0,0,0,0,0,0,0,0,0,1,1,0,0,1,0,1,0,1,0
0,0,0,0,0,0,0,1,0,1,0,0,1,1,1,1,0,1,0,1,0
0,0,0,0,0,0,0,0,0,0,0,0,0,0,0,0,1,1,0,0,0
0,0,0,0,0,0,0,0,0,1,0,0,0,0,0,0,1,1,0,0,0
0,0,0,0,0,0,0,0,1,0,0,0,0,1,0,0,1,1,0,0,0
0,0,0,0,0,0,0,0,0,0,1,0,0,1,0,0,1,1,0,0,0
0,0,0,0,0,0,0,0,0,0,0,0,0,1,1,0,1,1,0,0,0
0,0,0,0,0,0,0,0,0,0,0,0,0,0,0,1,1,1,0,0,0
0,0,0,0,0,0,0,0,0,0,0,0,0,0,1,1,1,1,0,0,0
0,0,0,0,0,0,0,0,0,0,0,0,1,0,0,0,1,1,0,0,0
0,0,0,0,0,1,0,0,0,0,0,0,1,0,1,1,1,1,0,0,0
0,0,0,0,0,0,0,0,0,0,0,0,0,0,0,0,1,1,0,1,0
0,0,0,0,0,0,0,0,0,0,0,0,1,0,0,0,1,1,0,1,0
0,0,0,0,0,0,0,0,0,0,0,0,1,1,1,1,1,1,0,1,0
0,0,0,0,0,0,0,0,0,0,0,0,0,0,0,0,0,1,1,0,0
0,0,0,0,0,0,1,0,0,0,0,0,0,0,0,0,0,1,1,0,0
1,0,0,0,1,0,0,0,0,0,0,0,0,1,0,0,0,1,1,0,0
0,0,0,0,0,0,0,0,0,0,0,0,0,0,0,1,0,1,1,0,0
0,0,0,0,0,0,0,0,0,0,0,0,1,0,0,0,0,1,1,0,0
1,0,0,1,1,0,1,1,0,0,1,0,1,1,1,1,0,1,1,0,0
0,0,0,0,0,0,0,0,0,0,0,0,0,0,0,0,0,1,1,1,0
0,0,0,0,0,0,0,0,1,0,0,0,0,0,0,0,0,1,1,1,0
0,0,0,0,0,0,0,0,0,0,0,0,0,0,1,1,0,1,1,1,0
0,0,0,0,0,0,0,0,0,0,0,0,1,0,0,0,0,1,1,1,0
1,0,0,0,0,0,0,0,0,0,1,0,1,0,0,0,0,1,1,1,0
0,0,0,0,0,0,0,0,0,0,0,0,1,0,0,1,0,1,1,1,0
0,0,0,0,0,1,0,0,0,0,0,0,1,0,1,1,0,1,1,1,0
0,0,0,0,0,0,0,0,0,0,0,0,0,0,0,0,1,1,1,0,0
0,0,1,0,0,0,0,1,0,0,0,0,0,1,1,1,1,1,1,0,0
1,1,1,0,1,1,0,1,1,1,0,0,1,0,1,0,1,1,1,0,0
0,0,1,0,0,0,0,0,0,0,1,0,1,1,0,0,1,1,1,0,0
0,1,0,0,0,1,0,0,1,0,0,0,1,0,1,1,1,1,1,0,0
0,0,0,0,0,0,0,0,0,0,0,0,0,0,0,0,1,1,1,1,0
0,0,0,1,0,0,0,0,0,0,0,0,0,0,0,0,1,1,1,1,0
0,0,1,0,0,0,0,0,1,0,0,0,0,0,0,0,1,1,1,1,0
0,0,1,0,0,0,0,0,0,0,0,0,0,0,1,0,1,1,1,1,0
0,0,0,1,0,0,0,0,0,0,0,0,1,1,0,0,1,1,1,1,0
1,1,1,0,1,1,1,1,1,0,1,1,1,1,1,1,1,1,1,1,0
1,1,1,1,1,1,1,1,0,1,0,1,1,1,1,1,1,1,1,1,0
0,0,0,0,0,0,0,0,0,0,0,0,0,0,0,0,0,0,0,0,1
0,0,1,0,0,0,0,0,0,0,0,0,0,0,0,0,0,0,0,0,1
0,0,0,1,0,0,0,0,0,0,0,0,0,0,0,0,0,0,0,0,1
0,0,0,0,0,0,0,0,1,0,0,0,0,0,0,0,0,0,0,0,1
0,0,0,0,0,0,0,1,0,0,0,0,0,0,0,0,0,0,0,0,1
0,0,0,0,0,0,1,1,0,0,0,0,0,0,0,0,0,0,0,0,1
0,0,0,0,0,1,0,0,0,0,0,0,0,0,0,0,0,0,0,0,1
0,0,0,0,0,0,0,0,0,0,1,0,0,0,0,0,0,0,0,0,1
0,0,0,0,0,0,0,0,0,1,0,0,0,0,0,0,0,0,0,0,1
0,0,0,1,0,0,0,0,0,1,0,0,0,0,0,0,0,0,0,0,1
0,0,0,0,0,0,0,0,0,0,0,1,0,0,0,0,0,0,0,0,1
0,0,0,0,0,0,0,0,0,0,0,0,0,0,1,0,0,0,0,0,1
0,1,0,0,0,0,0,0,0,0,0,0,0,0,1,0,0,0,0,0,1
0,0,0,0,0,1,0,0,0,0,0,0,0,0,1,0,0,0,0,0,1
0,0,0,0,0,0,0,0,0,1,0,0,0,0,1,0,0,0,0,0,1
0,0,0,0,0,0,0,0,0,0,0,1,0,0,1,0,0,0,0,0,1
0,0,0,0,0,0,0,0,0,0,1,1,0,0,1,0,0,0,0,0,1
0,0,0,0,0,0,0,0,0,0,0,0,0,1,0,0,0,0,0,0,1
0,0,0,0,1,0,0,0,0,0,0,0,0,1,0,0,0,0,0,0,1
0,0,0,0,0,0,1,0,0,0,0,0,0,1,0,0,0,0,0,0,1
0,0,0,0,0,0,0,0,1,0,0,0,0,1,0,0,0,0,0,0,1
0,0,1,0,0,0,0,0,0,0,1,0,0,1,0,0,0,0,0,0,1
0,0,0,0,0,0,0,0,0,0,0,0,0,1,1,0,0,0,0,0,1
0,0,0,0,0,0,0,0,0,0,0,0,0,0,0,1,0,0,0,0,1
0,0,0,0,0,0,0,1,0,0,0,0,0,0,0,1,0,0,0,0,1
0,0,0,0,0,0,0,0,0,0,1,0,0,0,0,1,0,0,0,0,1
0,0,0,0,0,0,0,0,0,1,0,0,0,0,0,1,0,0,0,0,1
0,0,0,0,0,0,0,0,0,0,0,0,0,0,1,1,0,0,0,0,1
0,0,0,0,0,0,1,0,0,0,0,0,0,0,1,1,0,0,0,0,1
0,1,0,0,0,1,0,0,0,0,0,0,0,0,1,1,0,0,0,0,1
0,0,0,0,0,0,0,0,0,0,1,0,0,0,1,1,0,0,0,0,1
0,0,0,0,0,0,0,0,0,1,0,0,0,0,1,1,0,0,0,0,1
0,0,0,0,0,0,0,0,0,0,1,1,0,0,1,1,0,0,0,0,1
0,0,0,0,0,0,0,0,0,0,0,0,0,1,0,1,0,0,0,0,1
0,0,0,0,0,0,0,0,0,0,0,1,0,1,1,1,0,0,0,0,1
0,0,0,0,0,0,0,0,0,0,0,0,1,0,0,0,0,0,0,0,1
0,0,0,0,0,1,0,0,0,0,0,0,1,0,0,0,0,0,0,0,1
0,0,0,0,0,0,0,0,0,0,1,0,1,0,0,0,0,0,0,0,1
0,0,0,0,0,0,0,0,0,1,0,0,1,0,0,0,0,0,0,0,1
0,0,0,0,0,0,0,0,0,0,0,0,1,0,1,0,0,0,0,0,1
0,0,0,0,0,1,0,0,0,1,0,0,1,0,1,0,0,0,0,0,1
0,0,0,0,0,0,0,0,0,0,0,1,1,0,1,0,0,0,0,0,1
0,0,0,0,0,0,0,0,0,0,0,0,1,1,0,0,0,0,0,0,1
0,0,0,0,0,0,0,0,0,0,0,1,1,1,0,0,0,0,0,0,1
0,0,0,0,0,0,0,0,0,0,0,0,1,0,1,1,0,0,0,0,1
0,0,0,0,0,0,0,0,0,0,0,0,1,1,0,1,0,0,0,0,1
0,0,0,0,0,0,0,0,0,0,0,0,0,0,0,0,0,0,0,1,1
0,0,0,0,1,0,0,0,0,0,0,0,0,0,0,0,0,0,0,1,1
0,0,0,0,0,0,1,0,0,0,0,0,0,0,0,0,0,0,0,1,1
0,1,0,1,0,1,0,1,1,0,1,1,0,0,0,0,0,0,0,1,1
0,0,0,0,0,0,0,0,0,0,0,0,0,0,1,0,0,0,0,1,1
0,0,0,0,0,0,0,0,0,0,0,0,0,1,0,0,0,0,0,1,1
0,0,0,0,1,0,0,0,0,0,0,0,0,1,0,0,0,0,0,1,1
0,0,0,0,0,0,0,0,0,1,0,0,0,1,0,0,0,0,0,1,1
0,0,0,0,0,0,0,0,0,0,1,0,0,1,1,0,0,0,0,1,1
0,0,0,0,0,0,0,0,0,0,0,0,0,0,0,1,0,0,0,1,1
0,0,0,0,1,0,0,0,0,0,0,0,0,0,0,1,0,0,0,1,1
0,0,0,0,0,0,0,0,0,0,0,0,0,1,1,1,0,0,0,1,1
0,0,0,0,0,0,0,0,1,0,0,0,1,0,0,0,0,0,0,1,1
1,0,1,1,0,0,0,0,1,1,1,0,1,0,0,0,0,0,0,1,1
0,0,0,0,0,0,0,0,0,0,0,1,1,0,1,0,0,0,0,1,1
0,0,0,0,0,0,0,0,0,0,0,0,1,1,0,0,0,0,0,1,1
0,0,0,0,0,0,0,0,0,0,0,0,1,0,1,1,0,0,0,1,1
0,0,0,0,0,0,0,0,0,0,0,0,0,0,0,0,1,0,0,0,1
0,0,0,0,1,0,0,0,0,0,0,0,0,0,0,0,1,0,0,0,1
0,0,0,1,0,0,0,0,0,0,0,0,0,0,0,0,1,0,0,0,1
0,0,0,0,0,0,0,1,0,0,0,0,0,0,0,0,1,0,0,0,1
0,0,0,0,0,0,1,1,0,0,0,0,0,0,0,0,1,0,0,0,1
0,0,0,0,0,0,0,0,1,0,1,0,0,0,0,0,1,0,0,0,1
0,0,0,0,0,0,0,0,0,1,0,0,0,0,0,0,1,0,0,0,1
0,0,0,0,0,0,0,0,0,0,0,1,0,0,0,0,1,0,0,0,1
0,0,0,0,0,0,0,0,0,0,0,0,0,0,1,0,1,0,0,0,1
0,0,0,0,0,0,0,0,0,0,0,0,0,1,0,0,1,0,0,0,1
0,0,0,0,0,0,0,0,0,0,1,0,0,1,0,0,1,0,0,0,1
0,0,0,0,0,0,0,0,0,0,1,1,0,1,0,0,1,0,0,0,1
0,0,0,0,0,0,0,0,0,0,0,0,0,1,1,0,1,0,0,0,1
0,0,0,0,0,0,0,0,0,0,0,0,0,0,0,1,1,0,0,0,1
0,0,0,0,0,0,0,0,0,0,0,0,0,1,0,1,1,0,0,0,1
0,0,0,0,0,0,0,0,0,0,0,0,1,0,0,0,1,0,0,0,1
0,0,0,0,0,0,0,0,0,0,0,0,1,1,0,0,1,0,0,0,1
1,1,1,0,1,1,0,1,0,0,1,1,1,0,1,1,1,0,0,0,1
0,0,0,0,0,0,0,0,0,0,0,0,0,0,0,0,1,0,0,1,1
0,0,0,1,0,0,0,0,0,0,0,0,0,0,0,0,1,0,0,1,1
0,0,0,1,0,0,0,1,0,1,0,0,0,0,0,0,1,0,0,1,1
0,0,0,0,0,0,0,0,0,0,0,0,0,0,1,0,1,0,0,1,1
0,0,0,0,0,0,0,0,0,0,0,0,0,1,0,0,1,0,0,1,1
0,0,0,0,1,0,0,0,0,0,0,0,0,1,0,0,1,0,0,1,1
0,0,0,1,1,0,0,0,1,0,0,1,0,1,0,0,1,0,0,1,1
0,0,0,0,0,0,0,0,0,0,1,0,0,0,0,1,1,0,0,1,1
0,0,0,0,0,0,0,0,0,1,1,0,1,1,1,0,1,0,0,1,1
0,0,0,0,0,0,0,0,0,0,0,0,0,0,0,0,0,0,1,0,1
0,1,0,0,0,0,0,0,0,0,0,0,0,0,0,0,0,0,1,0,1
0,0,0,0,1,0,0,0,0,0,0,0,0,0,0,0,0,0,1,0,1
0,0,0,0,0,0,0,1,0,0,0,0,0,0,0,0,0,0,1,0,1
0,0,0,0,0,0,0,0,0,1,0,0,0,0,0,0,0,0,1,0,1
0,0,0,0,0,0,0,0,0,0,0,1,0,0,0,0,0,0,1,0,1
0,0,1,0,0,0,0,0,0,0,0,1,0,0,0,0,0,0,1,0,1
0,0,1,1,0,0,0,0,0,1,0,1,0,0,0,0,0,0,1,0,1
0,0,0,0,0,0,0,0,0,0,0,0,0,1,0,0,0,0,1,0,1
0,0,0,0,0,0,0,0,0,0,0,0,0,0,0,1,0,0,1,0,1
0,0,0,0,0,1,0,0,0,0,0,1,0,0,0,1,0,0,1,0,1
0,0,0,0,0,0,0,0,0,0,1,1,0,0,0,1,0,0,1,0,1
0,0,0,0,0,0,0,0,0,0,0,0,0,0,1,1,0,0,1,0,1
0,0,0,0,0,0,0,0,0,0,0,0,1,0,0,0,0,0,1,0,1
0,0,0,0,0,0,0,0,0,0,0,1,1,0,0,0,0,0,1,0,1
0,0,1,1,0,0,0,0,0,0,1,0,1,1,0,0,0,0,1,0,1
0,0,0,0,0,0,0,0,0,0,0,0,1,0,1,1,0,0,1,0,1
0,0,0,0,0,0,0,0,0,0,0,0,0,0,0,0,0,0,1,1,1
0,0,0,0,0,0,0,0,0,0,0,1,0,0,0,0,0,0,1,1,1
0,0,0,0,0,0,0,0,0,0,0,0,0,0,1,0,0,0,1,1,1
0,0,0,0,0,0,0,0,0,0,0,0,0,1,0,0,0,0,1,1,1
0,0,0,0,0,0,0,0,1,0,1,0,0,1,0,0,0,0,1,1,1
0,0,0,0,0,0,0,0,0,0,0,0,0,1,1,0,0,0,1,1,1
0,0,0,1,0,0,0,0,0,0,0,0,0,1,1,0,0,0,1,1,1
0,0,0,0,0,0,0,0,0,0,0,0,0,0,0,1,0,0,1,1,1
0,0,0,0,0,0,0,0,0,0,0,0,0,0,1,1,0,0,1,1,1
0,0,0,0,0,0,0,0,0,0,0,1,0,0,1,1,0,0,1,1,1
0,0,0,0,0,0,0,0,0,0,0,1,0,1,0,1,0,0,1,1,1
0,0,0,0,0,0,0,0,0,0,0,1,1,1,0,0,0,0,1,1,1
0,0,0,0,0,0,0,1,0,0,0,1,1,1,0,0,0,0,1,1,1
0,0,0,0,0,0,0,1,0,0,0,0,1,1,0,1,0,0,1,1,1
0,0,0,0,0,0,0,0,0,0,0,0,0,0,0,0,1,0,1,0,1
0,0,0,0,0,0,0,0,1,0,0,0,0,0,0,0,1,0,1,0,1
0,0,0,0,0,0,0,0,0,0,0,1,0,0,0,0,1,0,1,0,1
0,0,0,0,0,0,0,0,0,1,0,1,0,0,0,0,1,0,1,0,1
0,0,0,0,0,0,0,0,0,0,0,0,0,0,1,0,1,0,1,0,1
0,0,0,0,0,0,0,0,0,0,1,0,0,1,0,0,1,0,1,0,1
0,0,0,0,0,0,0,0,0,0,0,0,0,0,1,1,1,0,1,0,1
0,0,0,0,0,0,0,0,0,0,0,0,1,0,0,0,1,0,1,0,1
0,0,0,0,0,0,0,0,0,0,0,0,1,0,0,1,1,0,1,0,1
0,0,0,0,0,0,0,0,0,0,0,0,0,0,0,0,1,0,1,1,1
0,0,0,0,0,0,0,0,1,0,0,0,0,0,0,0,1,0,1,1,1
0,0,0,0,0,0,0,0,0,1,0,0,0,0,0,0,1,0,1,1,1
0,0,0,0,0,0,1,0,0,0,1,0,0,0,1,0,1,0,1,1,1
0,0,0,0,0,0,0,1,1,0,1,0,0,0,1,0,1,0,1,1,1
0,0,0,0,0,0,0,0,0,0,0,0,0,1,0,0,1,0,1,1,1
0,0,0,1,0,0,0,1,0,0,0,0,0,1,0,0,1,0,1,1,1
0,0,0,0,0,0,0,0,0,0,0,1,0,1,0,0,1,0,1,1,1
0,0,0,0,0,0,0,0,0,0,0,0,0,1,1,0,1,0,1,1,1
0,0,0,1,1,0,1,0,1,1,1,0,0,1,1,1,1,0,1,1,1
0,0,0,0,0,0,0,0,0,0,0,0,1,0,0,0,1,0,1,1,1
0,0,0,0,0,0,0,0,0,0,0,0,0,0,0,0,0,1,0,0,1
0,0,0,0,0,0,1,0,0,0,0,0,0,0,0,0,0,1,0,0,1
0,0,0,0,0,0,0,0,0,0,1,0,0,0,0,0,0,1,0,0,1
0,0,0,0,1,0,0,0,0,0,1,0,0,0,1,0,0,1,0,0,1
0,0,0,0,0,0,0,0,0,1,0,0,0,0,1,0,0,1,0,0,1
0,0,0,0,0,0,0,0,0,0,0,0,0,1,0,0,0,1,0,0,1
0,0,0,0,0,0,0,0,0,0,0,0,0,0,1,1,0,1,0,0,1
0,0,0,0,0,0,0,0,0,0,0,0,0,1,0,1,0,1,0,0,1
0,0,0,0,0,0,0,0,0,0,0,0,0,1,1,1,0,1,0,0,1
0,0,0,0,0,0,0,0,0,0,0,0,1,0,0,0,0,1,0,0,1
0,0,0,0,0,1,0,0,0,0,0,0,1,0,0,0,0,1,0,0,1
0,0,0,0,0,0,0,0,0,0,0,1,1,0,0,0,0,1,0,0,1
0,0,0,0,0,0,0,0,0,0,0,0,1,0,1,1,0,1,0,0,1
0,1,0,0,1,0,0,0,0,0,0,0,1,1,1,1,0,1,0,0,1
0,0,0,0,0,0,0,0,0,0,0,0,0,0,0,0,0,1,0,1,1
0,0,1,0,0,0,0,0,0,0,0,0,0,0,0,0,0,1,0,1,1
0,0,0,0,1,0,0,1,0,0,0,0,0,0,0,0,0,1,0,1,1
0,0,0,0,0,0,0,0,0,0,0,0,0,0,1,0,0,1,0,1,1
0,0,0,0,0,0,0,0,0,0,0,0,0,1,0,0,0,1,0,1,1
0,0,0,0,0,0,0,0,0,0,0,1,0,1,0,0,0,1,0,1,1
0,0,0,0,1,0,1,0,0,1,1,1,0,0,1,1,0,1,0,1,1
0,0,0,0,0,0,0,0,0,0,0,0,0,1,0,1,0,1,0,1,1
0,0,0,0,0,0,0,0,0,0,0,0,1,0,0,0,0,1,0,1,1
0,0,0,0,0,0,0,0,0,0,0,1,1,0,0,0,0,1,0,1,1
0,0,0,0,0,0,0,0,0,0,0,0,1,0,1,1,0,1,0,1,1
0,0,0,0,0,0,0,0,0,0,0,0,0,0,0,0,1,1,0,0,1
0,0,1,0,0,0,0,0,0,0,0,0,0,0,0,0,1,1,0,0,1
0,0,0,0,0,0,0,0,0,0,0,0,0,0,1,0,1,1,0,0,1
0,0,0,0,0,0,0,0,0,0,0,0,0,1,0,0,1,1,0,0,1
0,0,0,0,0,0,0,0,1,0,0,0,0,1,0,0,1,1,0,0,1
0,0,0,0,0,0,0,0,0,0,0,1,0,1,0,0,1,1,0,0,1
0,0,0,0,0,0,1,1,0,0,0,1,1,0,0,0,1,1,0,0,1
0,0,0,0,0,0,0,0,0,0,0,0,0,0,0,0,1,1,0,1,1
0,0,0,0,0,0,0,1,0,0,0,1,0,1,0,0,1,1,0,1,1
0,0,0,0,0,0,0,0,0,0,0,1,0,1,1,0,1,1,0,1,1
1,1,1,1,1,1,1,1,1,0,0,1,0,0,1,1,1,1,0,1,1
0,0,0,0,0,0,0,0,0,0,0,1,1,0,1,1,1,1,0,1,1
0,0,0,0,0,0,0,0,0,0,0,0,0,0,0,0,0,1,1,0,1
0,0,0,0,0,0,0,0,0,0,1,0,0,0,0,0,0,1,1,0,1
0,0,0,0,0,0,0,0,1,0,1,0,0,0,0,0,0,1,1,0,1
0,0,0,0,0,0,0,0,0,0,0,0,0,0,1,0,0,1,1,0,1
0,0,0,1,0,0,0,0,1,0,1,0,0,1,0,0,0,1,1,0,1
0,0,0,0,0,0,0,0,0,0,0,1,0,0,0,1,0,1,1,0,1
0,0,0,0,0,0,0,1,0,0,0,1,0,0,0,1,0,1,1,0,1
0,0,0,0,0,0,0,0,0,0,0,0,0,0,1,1,0,1,1,0,1
0,0,0,0,0,0,1,0,0,0,0,0,0,0,1,1,0,1,1,0,1
0,0,0,0,0,0,0,0,0,0,0,0,1,0,0,0,0,1,1,0,1
0,0,0,1,0,0,0,0,0,0,0,1,1,0,1,0,0,1,1,0,1
0,0,0,0,0,0,0,0,0,0,0,0,0,0,0,0,0,1,1,1,1
0,0,1,0,0,0,0,0,1,0,0,0,0,0,0,0,0,1,1,1,1
0,0,0,0,0,0,0,0,0,0,0,1,0,0,0,0,0,1,1,1,1
0,0,0,0,0,0,0,0,0,0,0,0,0,0,1,0,0,1,1,1,1
0,0,1,0,0,0,0,0,0,0,1,0,0,1,0,0,0,1,1,1,1
0,0,0,0,0,0,0,0,1,0,1,1,0,1,0,0,0,1,1,1,1
0,0,0,0,0,0,0,0,0,0,0,0,0,0,0,1,0,1,1,1,1
0,0,0,0,0,0,0,0,0,0,0,0,0,0,1,1,0,1,1,1,1
0,0,0,0,0,0,0,0,0,1,0,0,0,0,1,1,0,1,1,1,1
1,0,0,0,1,1,1,1,0,1,1,0,0,0,1,1,0,1,1,1,1
0,0,0,0,0,0,0,0,0,0,0,1,1,0,0,0,0,1,1,1,1
0,0,0,0,0,0,0,0,0,0,0,0,1,0,0,1,0,1,1,1,1
0,0,0,0,0,1,0,0,0,0,0,0,1,0,1,1,0,1,1,1,1
0,1,1,0,0,0,1,0,0,0,0,1,1,1,1,1,0,1,1,1,1
0,0,0,0,0,0,0,1,0,0,1,1,1,1,1,1,0,1,1,1,1
0,0,0,0,0,0,0,0,0,0,0,0,0,0,0,0,1,1,1,0,1
0,0,0,0,0,0,0,0,1,0,0,0,0,0,0,0,1,1,1,0,1
0,0,0,0,0,0,0,0,0,0,0,0,0,1,0,0,1,1,1,0,1
0,0,0,0,1,0,0,0,0,0,0,0,0,1,0,0,1,1,1,0,1
0,0,0,0,1,0,0,0,1,0,0,0,0,1,0,0,1,1,1,0,1
0,0,0,0,0,0,0,0,0,0,0,0,0,1,1,0,1,1,1,0,1
0,1,0,0,0,0,0,0,0,0,0,0,0,0,1,1,1,1,1,0,1
0,0,1,0,0,0,0,0,0,1,0,0,0,1,1,1,1,1,1,0,1
0,0,0,0,0,0,0,0,0,0,0,0,1,1,1,0,1,1,1,0,1
0,0,0,0,0,0,0,0,1,0,0,0,0,0,0,0,1,1,1,1,1
0,0,0,0,0,0,0,0,1,0,0,0,0,0,1,0,1,1,1,1,1
0,0,0,0,0,0,0,0,0,0,0,0,0,1,0,0,1,1,1,1,1
0,0,0,0,0,0,1,0,0,0,0,0,0,1,0,0,1,1,1,1,1
0,0,0,0,0,0,0,0,1,0,1,0,0,1,0,0,1,1,1,1,1
0,0,1,0,0,0,0,1,1,0,1,0,0,1,0,0,1,1,1,1,1
0,0,0,0,0,0,0,0,0,0,0,1,0,1,0,0,1,1,1,1,1
0,0,1,0,0,0,0,1,1,0,1,1,0,1,0,0,1,1,1,1,1
0,0,0,0,0,0,1,0,0,1,0,0,0,1,1,0,1,1,1,1,1
0,0,0,1,0,0,0,0,0,0,0,0,0,0,1,1,1,1,1,1,1
0,0,0,0,0,0,0,0,0,0,0,0,0,1,0,1,1,1,1,1,1
0,0,1,0,0,0,0,0,0,0,0,0,0,1,1,1,1,1,1,1,1
0,0,0,0,0,0,0,0,1,0,0,0,0,1,1,1,1,1,1,1,1
0,0,0,0,0,0,1,0,1,1,1,0,0,1,1,1,1,1,1,1,1
0,1,1,1,1,1,1,1,1,1,1,1,0,1,1,1,1,1,1,1,1
1,1,1,1,1,1,1,1,1,1,1,1,0,1,1,1,1,1,1,1,1
0,0,0,0,0,0,0,0,0,0,0,0,1,1,0,0,1,1,1,1,1
0,0,0,1,0,0,0,0,1,0,0,0,1,1,0,0,1,1,1,1,1
0,0,0,0,0,0,0,0,0,0,0,1,1,1,0,0,1,1,1,1,1
0,0,0,1,1,1,0,0,0,1,0,0,1,1,1,1,1,1,1,1,1
1,1,1,1,1,0,1,1,0,1,1,1,1,1,1,1,1,1,1,1,1
1,1,0,1,1,1,1,1,1,1,1,1,1,1,1,1,1,1,1,1,1
